label,mtang1,mtang2,move,posid,direction,speed,motor,angle,xpix,ypix,xytgt,peaks,fwhm
smallarcphi15-20230315-145518,0.000000,0.000000,20230315-145520,4852,cw,cruise,phi,0.000000,1979.119916,882.120526,0,73818.8434,3.3263
smallarcphi15-20230315-145518,0.000000,0.000000,20230315-145530,4852,cw,cruise,phi,15.000000,1984.710102,908.088044,0,72893.1379,3.3442
smallarcphi15-20230315-145518,0.000000,0.000000,20230315-145540,4852,cw,cruise,phi,15.000000,1981.626135,936.439198,0,73184.8460,3.3288
smallarcphi15-20230315-145518,0.000000,0.000000,20230315-145550,4852,cw,cruise,phi,15.000000,1969.480227,962.274630,0,73634.4156,3.3500
smallarcphi15-20230315-145518,0.000000,0.000000,20230315-145600,4852,cw,cruise,phi,15.000000,1949.463189,982.825501,0,78702.9342,3.6800
smallarcphi15-20230315-145518,0.000000,0.000000,20230315-145611,4852,ccw,cruise,phi,15.000000,1968.187946,964.086730,0,78012.3901,3.4841
smallarcphi15-20230315-145518,0.000000,0.000000,20230315-145622,4852,ccw,cruise,phi,15.000000,1981.040432,938.496442,0,72334.9045,3.3609
smallarcphi15-20230315-145518,0.000000,0.000000,20230315-145633,4852,ccw,cruise,phi,15.000000,1984.799705,910.241402,0,73146.4151,3.3318
smallarcphi15-20230315-145518,0.000000,0.000000,20230315-145643,4852,ccw,cruise,phi,15.000000,1979.109661,882.107751,0,74082.6522,3.3288
getpic-20230315-153247,0.000000,0.000000,20230315-153250,4852,cw,cruise,theta,0.000000,1983.672066,927.336914,0,72960.0746,3.3341
getpic-20230315-153342,0.000000,0.000000,20230315-153344,4852,cw,cruise,theta,0.000000,1963.330605,970.182122,0,73711.9298,3.3669
getpic-20230315-153414,0.000000,0.000000,20230315-153417,4852,cw,cruise,theta,0.000000,1923.305393,995.895726,0,73539.0569,3.3913
getpic-20230315-155133,0.000000,0.000000,20230315-155135,4852,cw,cruise,theta,0.000000,1961.857777,971.879546,0,74435.4161,3.3612
getpic-20230315-155213,0.000000,0.000000,20230315-155215,4852,cw,cruise,theta,0.000000,1983.337869,929.532789,0,73208.1825,3.3063
getpic-20230315-174022,0.000000,0.000000,20230315-174024,4852,cw,cruise,theta,0.000000,1975.799612,951.908838,0,73600.4485,3.3336
getpic-20230315-174052,0.000000,0.000000,20230315-174055,4852,cw,cruise,theta,0.000000,1961.088918,972.891131,0,77497.2896,3.4754
getpic-20230315-174129,0.000000,0.000000,20230315-174131,4852,cw,cruise,theta,0.000000,1940.842783,988.647604,0,73729.9231,3.4045
curreposition-20230518-150117,0.000000,0.000000,20230518-150120,4852,cw,cruise,theta,0.000000,1979.790183,882.352178,0,78003.4404,3.5620
getpic-20230522-092545,0.000000,0.000000,20230522-092547,4852,cw,cruise,theta,0.000000,1979.788371,883.001861,0,79066.4724,3.5559
getpic-20230522-092648,0.000000,0.000000,20230522-092651,4852,cw,cruise,theta,0.000000,1979.783673,882.989854,0,79016.2461,3.5516
getpic-20230522-093240,0.000000,0.000000,20230522-093243,4852,cw,cruise,theta,0.000000,1979.796617,883.048968,0,79060.7532,3.5562
arcphi15-20230523-094814,0.000000,0.000000,20230523-094817,4852,cw,cruise,phi,0.000000,1979.495246,883.276458,0,77561.6174,3.6000
arcphi15-20230523-094814,0.000000,0.000000,20230523-094826,4852,cw,cruise,phi,15.000000,1985.156018,905.440752,0,78390.6799,3.5792
arcphi15-20230523-094814,0.000000,0.000000,20230523-094835,4852,cw,cruise,phi,15.000000,1984.325497,930.978689,0,78809.1009,3.5759
arcphi15-20230523-094814,0.000000,0.000000,20230523-094845,4852,cw,cruise,phi,15.000000,1976.015871,955.239787,0,79048.7124,3.5789
arcphi15-20230523-094814,0.000000,0.000000,20230523-094853,4852,cw,cruise,phi,15.000000,1961.016218,975.895554,0,79464.8807,3.5858
arcphi15-20230523-094814,0.000000,0.000000,20230523-094903,4852,cw,cruise,phi,15.000000,1940.516398,991.350158,0,78130.7396,3.6611
arcphi15-20230523-094814,0.000000,0.000000,20230523-094913,4852,cw,cruise,phi,15.000000,1916.392837,1000.130975,0,79160.7892,3.6850
arcphi15-20230523-094814,0.000000,0.000000,20230523-094922,4852,cw,cruise,phi,15.000000,1890.843149,1001.529663,0,78955.3216,3.7086
arcphi15-20230523-094814,0.000000,0.000000,20230523-094932,4852,cw,cruise,phi,15.000000,1865.900933,995.379544,0,79213.9702,3.7305
arcphi15-20230523-094814,0.000000,0.000000,20230523-094941,4852,cw,cruise,phi,15.000000,1843.805244,982.229284,0,79807.9568,3.7582
arcphi15-20230523-094814,0.000000,0.000000,20230523-094950,4852,cw,cruise,phi,15.000000,1826.574196,963.265329,0,80271.8557,3.8614
arcphi15-20230523-094814,0.000000,0.000000,20230523-095000,4852,ccw,cruise,phi,15.000000,1842.202186,980.894473,0,79882.2047,3.8058
arcphi15-20230523-094814,0.000000,0.000000,20230523-095010,4852,ccw,cruise,phi,15.000000,1863.946297,994.555296,0,79619.9212,3.7853
arcphi15-20230523-094814,0.000000,0.000000,20230523-095020,4852,ccw,cruise,phi,15.000000,1888.769085,1001.282017,0,79624.1123,3.7417
arcphi15-20230523-094814,0.000000,0.000000,20230523-095030,4852,ccw,cruise,phi,15.000000,1914.419014,1000.508438,0,78870.8352,3.7166
arcphi15-20230523-094814,0.000000,0.000000,20230523-095040,4852,ccw,cruise,phi,15.000000,1938.790662,992.299876,0,79184.0582,3.6661
arcphi15-20230523-094814,0.000000,0.000000,20230523-095050,4852,ccw,cruise,phi,15.000000,1959.537882,977.403285,0,78044.1994,3.6570
arcphi15-20230523-094814,0.000000,0.000000,20230523-095101,4852,ccw,cruise,phi,15.000000,1975.077661,957.053775,0,79380.5784,3.5648
arcphi15-20230523-094814,0.000000,0.000000,20230523-095111,4852,ccw,cruise,phi,15.000000,1983.954953,933.038629,0,79005.4644,3.5571
arcphi15-20230523-094814,0.000000,0.000000,20230523-095121,4852,ccw,cruise,phi,15.000000,1985.403671,907.483552,0,76960.1980,3.6108
arcphi15-20230523-094814,0.000000,0.000000,20230523-095131,4852,ccw,cruise,phi,15.000000,1979.530961,883.203941,0,78226.3888,3.5873
arcth30-20230523-095450,0.000000,0.000000,20230523-095453,4852,cw,cruise,phi,180.000000,1818.172295,947.004562,0,80261.9676,3.9145
arcth30-20230523-095450,0.000000,0.000000,20230523-095503,4852,cw,cruise,theta,30.000000,1812.634917,854.841656,0,79750.1865,3.8481
arcth30-20230523-095450,0.000000,0.000000,20230523-095513,4852,cw,cruise,theta,30.000000,1860.921830,768.337451,0,78842.0257,3.5945
arcth30-20230523-095450,0.000000,0.000000,20230523-095523,4852,cw,cruise,theta,30.000000,1949.619301,723.329703,0,79851.5335,3.6708
arcth30-20230523-095450,0.000000,0.000000,20230523-095533,4852,cw,cruise,theta,30.000000,2048.404426,735.691782,0,77460.0586,3.5245
arcth30-20230523-095450,0.000000,0.000000,20230523-095543,4852,cw,cruise,theta,30.000000,2123.433399,801.139855,0,78364.5181,3.4854
arcth30-20230523-095450,0.000000,0.000000,20230523-095553,4852,cw,cruise,theta,30.000000,2149.005267,897.275545,0,79410.1294,3.4945
arcth30-20230523-095450,0.000000,0.000000,20230523-095603,4852,cw,cruise,theta,30.000000,2116.423730,991.377270,0,77022.8686,3.5871
arcth30-20230523-095450,0.000000,0.000000,20230523-095613,4852,cw,cruise,theta,30.000000,2036.615442,1051.207998,0,78736.1012,3.6189
arcth30-20230523-095450,0.000000,0.000000,20230523-095623,4852,cw,cruise,theta,30.000000,1937.118113,1056.119180,0,80000.5366,3.6465
arcth30-20230523-095450,0.000000,0.000000,20230523-095633,4852,cw,cruise,theta,30.000000,1852.222680,1004.741591,0,80034.4717,3.7711
arcth30-20230523-095450,0.000000,0.000000,20230523-095643,4852,ccw,cruise,theta,30.000000,1932.881748,1054.995528,0,79790.4267,3.6564
arcth30-20230523-095450,0.000000,0.000000,20230523-095653,4852,ccw,cruise,theta,30.000000,2031.929649,1052.868772,0,79673.3225,3.5957
arcth30-20230523-095450,0.000000,0.000000,20230523-095703,4852,ccw,cruise,theta,30.000000,2113.379958,995.410042,0,77144.5804,3.5732
arcth30-20230523-095450,0.000000,0.000000,20230523-095712,4852,ccw,cruise,theta,30.000000,2148.764238,902.105975,0,79176.7610,3.4590
arcth30-20230523-095450,0.000000,0.000000,20230523-095722,4852,ccw,cruise,theta,30.000000,2126.117550,805.700132,0,78500.1932,3.4584
arcth30-20230523-095450,0.000000,0.000000,20230523-095732,4852,ccw,cruise,theta,30.000000,2053.080102,737.876707,0,79096.8215,3.4569
arcth30-20230523-095450,0.000000,0.000000,20230523-095742,4852,ccw,cruise,theta,30.000000,1954.777830,722.580153,0,78105.0221,3.5556
arcth30-20230523-095450,0.000000,0.000000,20230523-095752,4852,ccw,cruise,theta,30.000000,1864.633540,764.889845,0,79687.1070,3.8245
arcth30-20230523-095450,0.000000,0.000000,20230523-095802,4852,ccw,cruise,theta,30.000000,1813.821830,849.856949,0,79819.8145,3.7761
arcth30-20230523-095450,0.000000,0.000000,20230523-095812,4852,ccw,cruise,theta,30.000000,1818.260633,947.222211,0,80089.7005,3.8820
arcth30-20230523-095450,0.000000,0.000000,20230523-095822,4852,ccw,cruise,phi,180.000000,1979.660325,883.178722,0,78723.1399,3.5965
getpic-20230523-105721,0.000000,0.000000,20230523-105723,4852,cw,cruise,theta,0.000000,1979.312137,883.152952,0,79047.7205,3.5947
arcphi15-20230523-111447,0.000000,0.000000,20230523-111449,4852,cw,cruise,phi,0.000000,1979.921352,883.198752,0,79269.0242,3.5587
arcphi15-20230523-111447,0.000000,0.000000,20230523-111458,4852,cw,cruise,phi,15.000000,1985.576698,905.362539,0,77705.5181,3.6111
arcphi15-20230523-111447,0.000000,0.000000,20230523-111507,4852,cw,cruise,phi,15.000000,1984.796652,930.869831,0,78797.9080,3.5702
arcphi15-20230523-111447,0.000000,0.000000,20230523-111515,4852,cw,cruise,phi,15.000000,1976.458276,955.176060,0,78442.6427,3.5967
arcphi15-20230523-111447,0.000000,0.000000,20230523-111524,4852,cw,cruise,phi,15.000000,1961.476101,975.899582,0,78600.1134,3.6274
arcphi15-20230523-111447,0.000000,0.000000,20230523-111533,4852,cw,cruise,phi,15.000000,1941.005075,991.357296,0,78930.6311,3.6639
arcphi15-20230523-111447,0.000000,0.000000,20230523-111542,4852,cw,cruise,phi,15.000000,1916.933801,1000.161602,0,79533.7193,3.6515
arcphi15-20230523-111447,0.000000,0.000000,20230523-111551,4852,cw,cruise,phi,15.000000,1891.296507,1001.595373,0,79669.3353,3.7125
arcphi15-20230523-111447,0.000000,0.000000,20230523-111600,4852,cw,cruise,phi,15.000000,1866.352874,995.475291,0,80133.9809,3.7516
arcphi15-20230523-111447,0.000000,0.000000,20230523-111609,4852,cw,cruise,phi,15.000000,1844.290388,982.339176,0,80155.3061,3.7679
arcphi15-20230523-111447,0.000000,0.000000,20230523-111618,4852,cw,cruise,phi,15.000000,1827.021899,963.393802,0,79362.8958,3.8163
arcphi15-20230523-111447,0.000000,0.000000,20230523-111627,4852,ccw,cruise,phi,15.000000,1842.698361,980.981763,0,79728.8983,3.8354
arcphi15-20230523-111447,0.000000,0.000000,20230523-111635,4852,ccw,cruise,phi,15.000000,1864.426717,994.649088,0,81025.4073,3.7865
arcphi15-20230523-111447,0.000000,0.000000,20230523-111644,4852,ccw,cruise,phi,15.000000,1889.233440,1001.352994,0,79748.0073,3.7322
arcphi15-20230523-111447,0.000000,0.000000,20230523-111653,4852,ccw,cruise,phi,15.000000,1914.940268,1000.551563,0,78986.7479,3.7129
arcphi15-20230523-111447,0.000000,0.000000,20230523-111702,4852,ccw,cruise,phi,15.000000,1939.226988,992.290206,0,79102.1234,3.6704
arcphi15-20230523-111447,0.000000,0.000000,20230523-111711,4852,ccw,cruise,phi,15.000000,1960.003645,977.385260,0,78981.9014,3.6463
arcphi15-20230523-111447,0.000000,0.000000,20230523-111720,4852,ccw,cruise,phi,15.000000,1975.535702,956.985182,0,78546.0445,3.6021
arcphi15-20230523-111447,0.000000,0.000000,20230523-111729,4852,ccw,cruise,phi,15.000000,1984.351063,932.999699,0,78967.0398,3.5950
arcphi15-20230523-111447,0.000000,0.000000,20230523-111738,4852,ccw,cruise,phi,15.000000,1985.835673,907.445649,0,78500.7100,3.5840
arcphi15-20230523-111447,0.000000,0.000000,20230523-111747,4852,ccw,cruise,phi,15.000000,1979.879862,883.179525,0,78984.6947,3.5629
arcth30-20230523-111813,0.000000,0.000000,20230523-111816,4852,cw,cruise,phi,180.000000,1818.524823,947.264782,0,81171.4185,3.9588
arcth30-20230523-111813,0.000000,0.000000,20230523-111825,4852,cw,cruise,theta,30.000000,1812.889290,854.909449,0,79979.0600,3.8244
arcth30-20230523-111813,0.000000,0.000000,20230523-111834,4852,cw,cruise,theta,30.000000,1861.141607,768.398114,0,78653.8021,3.6138
arcth30-20230523-111813,0.000000,0.000000,20230523-111843,4852,cw,cruise,theta,30.000000,1949.851256,723.412647,0,79595.4300,3.6829
arcth30-20230523-111813,0.000000,0.000000,20230523-111852,4852,cw,cruise,theta,30.000000,2048.675400,735.779440,0,78563.9721,3.5083
arcth30-20230523-111813,0.000000,0.000000,20230523-111901,4852,cw,cruise,theta,30.000000,2123.682273,801.187680,0,78299.0343,3.4745
arcth30-20230523-111813,0.000000,0.000000,20230523-111910,4852,cw,cruise,theta,30.000000,2149.184150,897.307525,0,78424.5285,3.4949
arcth30-20230523-111813,0.000000,0.000000,20230523-111919,4852,cw,cruise,theta,30.000000,2116.684670,991.422001,0,77418.7271,3.5667
arcth30-20230523-111813,0.000000,0.000000,20230523-111928,4852,cw,cruise,theta,30.000000,2036.883817,1051.271760,0,79225.2899,3.6074
arcth30-20230523-111813,0.000000,0.000000,20230523-111937,4852,cw,cruise,theta,30.000000,1937.365441,1056.134347,0,79414.2049,3.6940
arcth30-20230523-111813,0.000000,0.000000,20230523-111945,4852,cw,cruise,theta,30.000000,1852.477468,1004.792403,0,80315.0332,3.8332
arcth30-20230523-111813,0.000000,0.000000,20230523-111954,4852,ccw,cruise,theta,30.000000,1933.115115,1055.017255,0,79784.1871,3.6692
arcth30-20230523-111813,0.000000,0.000000,20230523-112003,4852,ccw,cruise,theta,30.000000,2032.142787,1052.911332,0,79594.7941,3.5970
arcth30-20230523-111813,0.000000,0.000000,20230523-112012,4852,ccw,cruise,theta,30.000000,2113.617897,995.467532,0,77135.3656,3.5730
arcth30-20230523-111813,0.000000,0.000000,20230523-112021,4852,ccw,cruise,theta,30.000000,2148.972771,902.169473,0,79831.1120,3.4645
arcth30-20230523-111813,0.000000,0.000000,20230523-112030,4852,ccw,cruise,theta,30.000000,2126.320693,805.721365,0,77590.8311,3.4846
arcth30-20230523-111813,0.000000,0.000000,20230523-112039,4852,ccw,cruise,theta,30.000000,2053.269468,737.921722,0,79287.6471,3.4667
arcth30-20230523-111813,0.000000,0.000000,20230523-112048,4852,ccw,cruise,theta,30.000000,1954.943382,722.624035,0,78646.6527,3.5319
arcth30-20230523-111813,0.000000,0.000000,20230523-112057,4852,ccw,cruise,theta,30.000000,1864.889878,764.958558,0,80304.1333,3.8028
arcth30-20230523-111813,0.000000,0.000000,20230523-112105,4852,ccw,cruise,theta,30.000000,1814.051071,849.894230,0,79966.0870,3.7664
arcth30-20230523-111813,0.000000,0.000000,20230523-112114,4852,ccw,cruise,theta,30.000000,1818.505153,947.243904,0,80834.4353,3.9165
arcth30-20230523-111813,0.000000,0.000000,20230523-112123,4852,ccw,cruise,phi,180.000000,1979.907794,883.209263,0,79233.1319,3.5625
arcphi15-20230523-121400,0.000000,0.000000,20230523-121402,4852,cw,cruise,phi,0.000000,1978.948793,883.109667,0,79613.5965,3.5526
arcphi15-20230523-121400,0.000000,0.000000,20230523-121411,4852,cw,cruise,phi,15.000000,1984.712186,905.217355,0,78970.5037,3.5834
arcphi15-20230523-121400,0.000000,0.000000,20230523-121420,4852,cw,cruise,phi,15.000000,1983.984357,930.747360,0,78960.2698,3.5823
arcphi15-20230523-121400,0.000000,0.000000,20230523-121429,4852,cw,cruise,phi,15.000000,1975.755106,955.096778,0,79141.9801,3.5807
arcphi15-20230523-121400,0.000000,0.000000,20230523-121438,4852,cw,cruise,phi,15.000000,1960.850120,975.875858,0,79263.5810,3.5984
arcphi15-20230523-121400,0.000000,0.000000,20230523-121447,4852,cw,cruise,phi,15.000000,1940.385430,991.370572,0,78471.7255,3.6697
arcphi15-20230523-121400,0.000000,0.000000,20230523-121455,4852,cw,cruise,phi,15.000000,1916.306064,1000.275954,0,79382.6470,3.6690
arcphi15-20230523-121400,0.000000,0.000000,20230523-121504,4852,cw,cruise,phi,15.000000,1890.793588,1001.790125,0,79738.2239,3.7111
arcphi15-20230523-121400,0.000000,0.000000,20230523-121514,4852,cw,cruise,phi,15.000000,1865.810155,995.784413,0,80032.0835,3.7164
arcphi15-20230523-121400,0.000000,0.000000,20230523-121523,4852,cw,cruise,phi,15.000000,1843.676242,982.732843,0,80410.0795,3.7905
arcphi15-20230523-121400,0.000000,0.000000,20230523-121532,4852,cw,cruise,phi,15.000000,1826.312956,963.818055,0,80217.4543,3.8652
arcphi15-20230523-121400,0.000000,0.000000,20230523-121541,4852,ccw,cruise,phi,15.000000,1842.057430,981.355831,0,79656.0878,3.8107
arcphi15-20230523-121400,0.000000,0.000000,20230523-121549,4852,ccw,cruise,phi,15.000000,1863.866477,994.941547,0,80252.8746,3.7642
arcphi15-20230523-121400,0.000000,0.000000,20230523-121559,4852,ccw,cruise,phi,15.000000,1888.722667,1001.595545,0,79996.1508,3.7410
arcphi15-20230523-121400,0.000000,0.000000,20230523-121608,4852,ccw,cruise,phi,15.000000,1914.365025,1000.726500,0,79972.5710,3.7013
arcphi15-20230523-121400,0.000000,0.000000,20230523-121618,4852,ccw,cruise,phi,15.000000,1938.684402,992.350407,0,79284.1074,3.6708
arcphi15-20230523-121400,0.000000,0.000000,20230523-121626,4852,ccw,cruise,phi,15.000000,1959.326441,977.382730,0,78986.5182,3.6494
arcphi15-20230523-121400,0.000000,0.000000,20230523-121636,4852,ccw,cruise,phi,15.000000,1974.828230,956.972687,0,79392.4837,3.5736
arcphi15-20230523-121400,0.000000,0.000000,20230523-121646,4852,ccw,cruise,phi,15.000000,1983.580225,932.931198,0,78488.3457,3.5966
arcphi15-20230523-121400,0.000000,0.000000,20230523-121656,4852,ccw,cruise,phi,15.000000,1984.929651,907.344557,0,79097.4447,3.5671
arcphi15-20230523-121400,0.000000,0.000000,20230523-121706,4852,ccw,cruise,phi,15.000000,1978.933860,883.171151,0,79453.7234,3.5544
arcth30-20230523-121747,0.000000,0.000000,20230523-121749,4852,cw,cruise,phi,180.000000,1817.776409,947.771422,0,80491.5701,3.9408
arcth30-20230523-121747,0.000000,0.000000,20230523-121759,4852,cw,cruise,theta,30.000000,1811.855156,855.315950,0,79660.0454,3.8120
arcth30-20230523-121747,0.000000,0.000000,20230523-121809,4852,cw,cruise,theta,30.000000,1859.978717,768.638924,0,79022.5826,3.6062
arcth30-20230523-121747,0.000000,0.000000,20230523-121819,4852,cw,cruise,theta,30.000000,1948.387138,723.491062,0,80086.9646,3.6842
arcth30-20230523-121747,0.000000,0.000000,20230523-121829,4852,cw,cruise,theta,30.000000,2047.182845,735.504291,0,78765.0974,3.5067
arcth30-20230523-121747,0.000000,0.000000,20230523-121839,4852,cw,cruise,theta,30.000000,2122.467899,800.844783,0,78445.3836,3.4945
arcth30-20230523-121747,0.000000,0.000000,20230523-121849,4852,cw,cruise,theta,30.000000,2148.281967,896.792397,0,78646.4094,3.4920
arcth30-20230523-121747,0.000000,0.000000,20230523-121859,4852,cw,cruise,theta,30.000000,2116.040834,990.960375,0,79244.4356,3.5231
arcth30-20230523-121747,0.000000,0.000000,20230523-121909,4852,cw,cruise,theta,30.000000,2036.333863,1051.067722,0,79014.0785,3.5734
arcth30-20230523-121747,0.000000,0.000000,20230523-121919,4852,cw,cruise,theta,30.000000,1936.920649,1056.218539,0,79612.4588,3.6475
arcth30-20230523-121747,0.000000,0.000000,20230523-121929,4852,cw,cruise,theta,30.000000,1851.914053,1005.121796,0,79995.1174,3.7784
arcth30-20230523-121747,0.000000,0.000000,20230523-121939,4852,ccw,cruise,theta,30.000000,1932.590844,1055.080149,0,79508.3795,3.7240
arcth30-20230523-121747,0.000000,0.000000,20230523-121949,4852,ccw,cruise,theta,30.000000,2031.762793,1052.681820,0,79071.7600,3.6307
arcth30-20230523-121747,0.000000,0.000000,20230523-122000,4852,ccw,cruise,theta,30.000000,2112.965742,995.044508,0,79338.3730,3.5239
arcth30-20230523-121747,0.000000,0.000000,20230523-122009,4852,ccw,cruise,theta,30.000000,2148.037932,901.600073,0,78841.6766,3.4956
arcth30-20230523-121747,0.000000,0.000000,20230523-122019,4852,ccw,cruise,theta,30.000000,2125.124291,805.224747,0,78857.6971,3.4589
arcth30-20230523-121747,0.000000,0.000000,20230523-122029,4852,ccw,cruise,theta,30.000000,2051.898695,737.667108,0,78851.4177,3.4662
arcth30-20230523-121747,0.000000,0.000000,20230523-122039,4852,ccw,cruise,theta,30.000000,1953.470537,722.684025,0,77632.6690,3.5685
arcth30-20230523-121747,0.000000,0.000000,20230523-122049,4852,ccw,cruise,theta,30.000000,1863.621510,765.207216,0,80038.9101,3.8406
arcth30-20230523-121747,0.000000,0.000000,20230523-122058,4852,ccw,cruise,theta,30.000000,1812.984733,850.348385,0,79371.5600,3.7647
arcth30-20230523-121747,0.000000,0.000000,20230523-122108,4852,ccw,cruise,theta,30.000000,1817.565254,947.154396,0,80593.8319,3.9284
arcth30-20230523-121747,0.000000,0.000000,20230523-122118,4852,ccw,cruise,phi,180.000000,1979.046725,883.315527,0,78980.0586,3.5689
getpic-20230523-124757,0.000000,0.000000,20230523-124800,4852,cw,cruise,theta,0.000000,1979.033185,883.352920,0,78828.3806,3.5817
arcphi15-20230523-125318,0.000000,0.000000,20230523-125321,4852,cw,cruise,phi,0.000000,1979.054634,883.316206,0,78878.1455,3.5642
arcphi15-20230523-125318,0.000000,0.000000,20230523-125330,4852,cw,cruise,phi,15.000000,1984.667033,905.286092,0,78471.2202,3.5922
arcphi15-20230523-125318,0.000000,0.000000,20230523-125339,4852,cw,cruise,phi,15.000000,1983.883332,930.784021,0,78836.1584,3.5683
arcphi15-20230523-125318,0.000000,0.000000,20230523-125348,4852,cw,cruise,phi,15.000000,1975.508567,955.151707,0,78555.5095,3.5937
arcphi15-20230523-125318,0.000000,0.000000,20230523-125357,4852,cw,cruise,phi,15.000000,1960.505383,975.853087,0,78829.6005,3.6282
arcphi15-20230523-125318,0.000000,0.000000,20230523-125405,4852,cw,cruise,phi,15.000000,1940.039311,991.267070,0,79094.4194,3.6508
arcphi15-20230523-125318,0.000000,0.000000,20230523-125414,4852,cw,cruise,phi,15.000000,1915.943443,1000.056719,0,80223.6596,3.6459
arcphi15-20230523-125318,0.000000,0.000000,20230523-125423,4852,cw,cruise,phi,15.000000,1890.346982,1001.467231,0,79362.3907,3.7295
arcphi15-20230523-125318,0.000000,0.000000,20230523-125433,4852,cw,cruise,phi,15.000000,1865.393287,995.324466,0,80301.3660,3.7417
arcphi15-20230523-125318,0.000000,0.000000,20230523-125441,4852,cw,cruise,phi,15.000000,1843.314922,982.198150,0,79726.3911,3.7979
arcphi15-20230523-125318,0.000000,0.000000,20230523-125450,4852,cw,cruise,phi,15.000000,1826.067568,963.204707,0,79964.4559,3.8298
arcphi15-20230523-125318,0.000000,0.000000,20230523-125459,4852,ccw,cruise,phi,15.000000,1841.698125,980.819609,0,80103.7912,3.8348
arcphi15-20230523-125318,0.000000,0.000000,20230523-125509,4852,ccw,cruise,phi,15.000000,1863.477744,994.513943,0,80799.4686,3.7985
arcphi15-20230523-125318,0.000000,0.000000,20230523-125519,4852,ccw,cruise,phi,15.000000,1888.277481,1001.216094,0,79557.2146,3.7574
arcphi15-20230523-125318,0.000000,0.000000,20230523-125528,4852,ccw,cruise,phi,15.000000,1913.998573,1000.412125,0,79213.9860,3.7135
arcphi15-20230523-125318,0.000000,0.000000,20230523-125535,4852,ccw,cruise,phi,15.000000,1938.289274,992.184261,0,79332.1974,3.6744
arcphi15-20230523-125318,0.000000,0.000000,20230523-125545,4852,ccw,cruise,phi,15.000000,1959.049994,977.279390,0,79135.1680,3.6275
arcphi15-20230523-125318,0.000000,0.000000,20230523-125555,4852,ccw,cruise,phi,15.000000,1974.588366,956.926930,0,78655.6771,3.6066
arcphi15-20230523-125318,0.000000,0.000000,20230523-125604,4852,ccw,cruise,phi,15.000000,1983.427849,932.919286,0,78495.1030,3.6027
arcphi15-20230523-125318,0.000000,0.000000,20230523-125613,4852,ccw,cruise,phi,15.000000,1984.899356,907.327331,0,79012.7487,3.5655
arcphi15-20230523-125318,0.000000,0.000000,20230523-125622,4852,ccw,cruise,phi,15.000000,1979.061376,883.259484,0,79188.7651,3.5597
curreposition-20230524-142151,0.000000,0.000000,20230524-142154,4852,cw,cruise,theta,0.000000,1979.241087,883.429820,0,78174.4499,3.5877
xysafe-20230524-144822,0.000000,0.000000,20230524-144830,4852,cw,cruise,phi,-1.792327,1922.959106,998.082213,1,79883.1327,3.6275
xy12-20230524-145152,0.000000,0.000000,20230524-145201,4852,cw,cruise,phi,77.365252,1841.486109,979.974628,1,79946.9322,3.8470
xy12-20230524-145152,0.000000,0.000000,20230524-145214,4852,cw,cruise,phi,-1.920610,1824.796012,946.509210,1,80287.2126,3.8214
xy12-20230524-145152,0.000000,0.000000,20230524-145226,4852,cw,cruise,phi,-2.016815,1923.326808,736.315170,1,78903.2766,3.6117
xy12-20230524-145152,0.000000,0.000000,20230524-145239,4852,ccw,cruise,phi,96.670666,1923.613270,842.168775,1,79860.2908,3.7954
xy12-20230524-145152,0.000000,0.000000,20230524-145253,4852,ccw,cruise,theta,84.772340,1927.514403,942.829839,1,79222.8217,3.7044
xy12-20230524-145152,0.000000,0.000000,20230524-145303,4852,cw,cruise,phi,96.567083,1917.165651,1042.234717,1,79376.9046,3.6732
xy12-20230524-145152,0.000000,0.000000,20230524-145316,4852,cw,cruise,phi,-1.756934,2027.029709,734.116512,1,79297.9318,3.4667
xy12-20230524-145152,0.000000,0.000000,20230524-145330,4852,ccw,cruise,phi,97.122179,2026.614828,836.230969,1,79039.0786,3.6190
xy12-20230524-145152,0.000000,0.000000,20230524-145344,4852,cw,cruise,phi,-1.982352,2029.610454,941.908460,1,78339.1661,3.5378
xy12-20230524-145152,0.000000,0.000000,20230524-145356,4852,cw,cruise,phi,94.781308,2022.475560,1047.130481,1,78375.1826,3.5979
xy12-20230524-145152,0.000000,0.000000,20230524-145410,4852,cw,cruise,phi,0.097572,2133.045043,836.666196,1,78599.9535,3.4563
xy12-20230524-145152,0.000000,0.000000,20230524-145424,4852,ccw,cruise,phi,-1.578628,2133.201356,943.976051,1,79377.5545,3.4851
xy12-20230524-153158,0.000000,0.000000,20230524-153206,4852,ccw,cruise,phi,-3.856131,1825.715305,833.039835,1,79759.2697,3.8952
xy12-20230524-153158,0.000000,0.000000,20230524-153220,4852,cw,cruise,phi,-0.244203,1824.675676,945.249835,1,80816.8890,3.9678
xy12-20230524-153158,0.000000,0.000000,20230524-153234,4852,cw,cruise,phi,-1.287924,1923.124951,736.719772,1,79161.6149,3.5723
xy12-20230524-153158,0.000000,0.000000,20230524-153246,4852,ccw,cruise,phi,95.870558,1923.352698,841.809593,1,79809.7503,3.7878
xy12-20230524-153158,0.000000,0.000000,20230524-153259,4852,ccw,cruise,phi,-3.667095,1927.205487,943.275729,1,79338.8706,3.6734
xy12-20230524-153158,0.000000,0.000000,20230524-153313,4852,cw,cruise,phi,96.168158,1917.189850,1042.259604,1,79470.2284,3.6754
xy12-20230524-153158,0.000000,0.000000,20230524-153326,4852,cw,cruise,phi,-1.789998,2027.577047,734.228019,1,77811.1371,3.5022
xy12-20230524-153158,0.000000,0.000000,20230524-153340,4852,ccw,cruise,phi,97.272092,2026.635989,836.392597,1,78234.6549,3.6476
xy12-20230524-153158,0.000000,0.000000,20230524-153354,4852,cw,cruise,phi,-1.902363,2029.945579,941.658124,1,78657.4620,3.5640
xy12-20230524-153158,0.000000,0.000000,20230524-153408,4852,cw,cruise,phi,94.733989,2022.242761,1047.266822,1,78944.4509,3.6128
xy12-20230524-153158,0.000000,0.000000,20230524-153422,4852,cw,cruise,phi,-0.054485,2131.393518,834.487525,1,76263.0895,3.5202
xy12-20230524-153158,0.000000,0.000000,20230524-153436,4852,cw,cruise,phi,-2.479113,2133.500000,941.000000,1,165112.7952,2.5018
xy_12-20230524-161518,0.000000,0.000000,20230524-161527,4852,cw,cruise,phi,0.185745,1825.687501,833.133686,1,80287.4081,3.9444
xy_12-20230524-161518,0.000000,0.000000,20230524-161540,4852,cw,cruise,phi,-2.126617,1824.704026,945.276490,1,80754.3612,3.9644
xy_12-20230524-161518,0.000000,0.000000,20230524-161554,4852,cw,cruise,phi,-1.246397,1923.056196,736.751663,1,79116.8196,3.5728
xy_12-20230524-161518,0.000000,0.000000,20230524-161608,4852,ccw,cruise,phi,95.853147,1923.389360,841.843065,1,79724.4378,3.7862
xy_12-20230524-161518,0.000000,0.000000,20230524-161622,4852,ccw,cruise,phi,-3.704244,1927.294701,943.226839,1,79525.8811,3.6763
xy_12-20230524-161518,0.000000,0.000000,20230524-161636,4852,cw,cruise,phi,96.240804,1917.117496,1042.226227,1,79320.2884,3.6718
xy_12-20230524-161518,0.000000,0.000000,20230524-161650,4852,cw,cruise,phi,-1.780914,2027.432874,734.149546,1,78262.3636,3.5029
xy_12-20230524-161518,0.000000,0.000000,20230524-161704,4852,ccw,cruise,phi,97.355635,2026.543369,836.408147,1,77927.0546,3.6573
xy_12-20230524-161518,0.000000,0.000000,20230524-161718,4852,cw,cruise,phi,-1.847841,2029.837643,941.569784,1,78482.2057,3.5629
xy_12-20230524-161518,0.000000,0.000000,20230524-161732,4852,cw,cruise,phi,94.837503,2022.163252,1047.256397,1,78926.3778,3.6030
xy_12-20230524-161518,0.000000,0.000000,20230524-161746,4852,cw,cruise,phi,0.016409,2133.221994,836.914257,1,78889.7522,3.4495
xy_12-20230524-161518,0.000000,0.000000,20230524-161800,4852,ccw,cruise,phi,-1.360024,2133.309440,943.975123,1,78686.6779,3.4863
xy_60b-20230524-162815,0.000000,0.000000,20230524-162823,4852,ccw,cruise,phi,21.214714,1860.522390,795.903146,1,78804.8693,3.7203
xy_60b-20230524-162815,0.000000,0.000000,20230524-162836,4852,ccw,cruise,phi,19.083502,1855.119568,837.206452,1,79830.9969,3.8067
xy_60b-20230524-162815,0.000000,0.000000,20230524-162850,4852,ccw,cruise,phi,7.463668,1854.481762,872.238969,1,81060.9294,3.9625
xy_60b-20230524-162815,0.000000,0.000000,20230524-162904,4852,ccw,cruise,phi,-2.152386,1854.199641,906.836050,1,79840.5305,3.8392
xy_60b-20230524-162815,0.000000,0.000000,20230524-162918,4852,cw,cruise,phi,5.956596,1858.068297,943.961645,1,79697.0471,3.7706
xy_60b-20230524-162815,0.000000,0.000000,20230524-162932,4852,cw,cruise,phi,18.724132,1858.063615,978.241682,1,79358.8173,3.7422
xy_60b-20230524-162815,0.000000,0.000000,20230524-162946,4852,cw,cruise,phi,-1.794963,1889.831262,770.739317,1,79516.9220,3.6974
xy_60b-20230524-162815,0.000000,0.000000,20230524-163000,4852,ccw,cruise,phi,27.769843,1889.947415,803.220236,1,79718.5052,3.7571
xy_60b-20230524-162815,0.000000,0.000000,20230524-163014,4852,ccw,cruise,phi,16.747588,1889.126516,837.778310,1,79835.2593,3.7602
xy_60b-20230524-162815,0.000000,0.000000,20230524-163028,4852,ccw,cruise,phi,8.219565,1888.867256,872.726627,1,80320.2584,3.8766
xy_60b-20230524-162815,0.000000,0.000000,20230524-163042,4852,ccw,cruise,phi,-2.161133,1888.804501,907.876021,1,80011.7035,3.7687
xy_60b-20230524-162815,0.000000,0.000000,20230524-163056,4852,cw,cruise,phi,6.667109,1892.973022,942.948598,1,80442.1024,3.7061
xy_60b-20230524-162815,0.000000,0.000000,20230524-163110,4852,cw,cruise,phi,17.101621,1892.498787,976.779111,1,79495.3307,3.7443
xy_60b-20230524-162815,0.000000,0.000000,20230524-163124,4852,cw,cruise,phi,28.856336,1891.940840,1011.852873,1,79500.1792,3.6765
xy_60b-20230524-162815,0.000000,0.000000,20230524-163138,4852,ccw,cruise,phi,16.772989,1925.864854,766.340963,1,79107.9092,3.6067
xy_60b-20230524-162815,0.000000,0.000000,20230524-163152,4852,ccw,cruise,phi,27.985929,1924.640270,802.139905,1,79600.0613,3.7581
xy_60b-20230524-162815,0.000000,0.000000,20230524-163206,4852,ccw,cruise,phi,19.713125,1923.495532,837.736291,1,80020.2196,3.7763
xy_60b-20230524-162815,0.000000,0.000000,20230524-163220,4852,ccw,cruise,phi,11.597110,1923.316985,873.746654,1,80234.2635,3.7837
xy_60b-20230524-162815,0.000000,0.000000,20230524-163234,4852,ccw,cruise,phi,-2.253515,1923.864836,908.883390,1,79904.7291,3.7079
xy_60b-20230524-162815,0.000000,0.000000,20230524-163248,4852,cw,cruise,phi,10.195575,1926.811128,941.411913,1,79085.4734,3.6714
xy_60b-20230524-162815,0.000000,0.000000,20230524-163302,4852,cw,cruise,phi,19.406691,1926.053043,975.455717,1,78736.0247,3.6736
xy_60b-20230524-162815,0.000000,0.000000,20230524-163316,4852,cw,cruise,phi,27.325731,1925.834705,1011.035217,1,79382.8382,3.6402
xy_60b-20230524-162815,0.000000,0.000000,20230524-163331,4852,ccw,cruise,phi,5.611052,1962.147207,766.123367,1,79575.2136,3.6210
xy_60b-20230524-162815,0.000000,0.000000,20230524-163344,4852,ccw,cruise,phi,28.587333,1959.809211,801.738793,1,78777.8329,3.5951
xy_60b-20230524-162815,0.000000,0.000000,20230524-163359,4852,ccw,cruise,phi,23.078822,1958.327861,836.815738,1,79920.5378,3.7950
xy_60b-20230524-162815,0.000000,0.000000,20230524-163412,4852,ccw,cruise,phi,19.165553,1956.839690,874.203290,1,80113.6837,3.8588
xy_60b-20230524-162815,0.000000,0.000000,20230524-163426,4852,ccw,cruise,phi,-2.218021,1960.037785,910.487242,1,78848.9526,3.6280
xy_60b-20230524-162815,0.000000,0.000000,20230524-163440,4852,cw,cruise,phi,17.839007,1955.702727,939.045779,1,79081.7596,3.6303
xy_60b-20230524-162815,0.000000,0.000000,20230524-163454,4852,cw,cruise,phi,22.775404,1957.782977,975.039532,1,79120.0153,3.5938
xy_60b-20230524-162815,0.000000,0.000000,20230524-163508,4852,cw,cruise,phi,27.882084,1959.872134,1010.862610,1,79295.0615,3.6202
xy_60b-20230524-162815,0.000000,0.000000,20230524-163522,4852,cw,cruise,phi,-1.933113,1994.538184,769.839724,1,79991.6060,3.7361
xy_60b-20230524-162815,0.000000,0.000000,20230524-163536,4852,ccw,cruise,phi,26.888025,1995.203999,801.997792,1,79439.5460,3.6744
xy_60b-20230524-162815,0.000000,0.000000,20230524-163550,4852,ccw,cruise,phi,22.658310,1994.678852,835.657269,1,79256.8764,3.6762
xy_60b-20230524-162815,0.000000,0.000000,20230524-163604,4852,ccw,cruise,phi,19.185050,1995.026305,869.035258,1,80324.3810,3.7528
xy_60b-20230524-162815,0.000000,0.000000,20230524-163618,4852,ccw,cruise,phi,-1.873978,1997.964205,909.610612,1,78441.4546,3.5584
xy_60b-20230524-162815,0.000000,0.000000,20230524-163632,4852,cw,cruise,phi,17.494257,1988.067810,942.653427,1,78777.0833,3.5750
xy_60b-20230524-162815,0.000000,0.000000,20230524-163647,4852,cw,cruise,phi,23.113823,1991.654767,976.292406,1,78435.4029,3.5982
xy_60b-20230524-162815,0.000000,0.000000,20230524-163700,4852,cw,cruise,phi,27.992943,1993.560846,1011.272666,1,78261.0110,3.6324
xy_60b-20230524-162815,0.000000,0.000000,20230524-163714,4852,cw,cruise,phi,7.812112,2030.079693,769.660666,1,79206.1791,3.5754
xy_60b-20230524-162815,0.000000,0.000000,20230524-163728,4852,ccw,cruise,phi,26.353591,2030.763970,802.214333,1,79187.8886,3.5904
xy_60b-20230524-162815,0.000000,0.000000,20230524-163742,4852,ccw,cruise,phi,19.218076,2031.672986,836.165508,1,79148.8099,3.6001
xy_60b-20230524-162815,0.000000,0.000000,20230524-163756,4852,ccw,cruise,phi,11.770121,2032.541326,871.615896,1,77691.1004,3.6231
xy_60b-20230524-162815,0.000000,0.000000,20230524-163810,4852,ccw,cruise,phi,-2.144778,2032.515305,909.680895,1,77557.8192,3.5916
xy_60b-20230524-162815,0.000000,0.000000,20230524-163825,4852,cw,cruise,phi,10.038832,2028.108852,942.660426,1,78778.0659,3.5560
xy_60b-20230524-162815,0.000000,0.000000,20230524-163839,4852,cw,cruise,phi,19.532989,2031.102118,974.805267,1,79055.7174,3.5521
xy_60b-20230524-162815,0.000000,0.000000,20230524-163852,4852,cw,cruise,phi,27.458544,2029.552847,1011.338795,1,77394.1849,3.6138
xy_60b-20230524-162815,0.000000,0.000000,20230524-163906,4852,cw,cruise,phi,19.260768,2065.590601,769.707050,1,77399.1081,3.5307
xy_60b-20230524-162815,0.000000,0.000000,20230524-163920,4852,ccw,cruise,phi,28.122453,2065.995989,802.904163,1,79552.8612,3.5091
xy_60b-20230524-162815,0.000000,0.000000,20230524-163934,4852,ccw,cruise,phi,16.637740,2067.214352,837.664771,1,78264.5662,3.5573
xy_60b-20230524-162815,0.000000,0.000000,20230524-163946,4852,ccw,cruise,phi,8.213975,2067.800357,873.363331,1,78486.0139,3.5527
xy_60b-20230524-162815,0.000000,0.000000,20230524-164000,4852,ccw,cruise,phi,-2.065114,2067.217451,910.342209,1,78387.2532,3.5475
xy_60b-20230524-162815,0.000000,0.000000,20230524-164013,4852,cw,cruise,phi,6.586151,2063.891629,942.154802,1,79025.1131,3.5221
xy_60b-20230524-162815,0.000000,0.000000,20230524-164026,4852,cw,cruise,phi,17.122958,2063.911998,976.689310,1,79213.1125,3.5495
xy_60b-20230524-162815,0.000000,0.000000,20230524-164039,4852,cw,cruise,phi,28.921221,2065.035814,1011.580377,1,78498.6058,3.5730
xy_60b-20230524-162815,0.000000,0.000000,20230524-164052,4852,cw,cruise,phi,-1.919353,2098.462087,802.540147,1,76416.6424,3.5208
xy_60b-20230524-162815,0.000000,0.000000,20230524-164105,4852,ccw,cruise,phi,18.067059,2101.520142,839.121952,1,78340.0236,3.4910
xy_60b-20230524-162815,0.000000,0.000000,20230524-164119,4852,ccw,cruise,phi,6.860119,2102.210075,874.616930,1,78068.5214,3.5147
xy_60b-20230524-162815,0.000000,0.000000,20230524-164132,4852,ccw,cruise,phi,-2.215248,2101.680324,910.646254,1,77302.2211,3.5480
xy_60b-20230524-162815,0.000000,0.000000,20230524-164146,4852,cw,cruise,phi,5.949828,2099.303618,941.822744,1,78315.7836,3.5127
xy_60b-20230524-162815,0.000000,0.000000,20230524-164200,4852,cw,cruise,phi,18.688354,2102.223966,972.886215,1,78800.6255,3.5077
xy_60-20230524-164258,0.000000,0.000000,20230524-164307,4852,cw,cruise,phi,-0.072007,1859.427235,802.403757,1,79482.0575,3.7806
xy_60-20230524-164258,0.000000,0.000000,20230524-164320,4852,ccw,cruise,phi,16.535003,1855.326543,837.915458,1,79665.2843,3.8499
xy_60-20230524-164258,0.000000,0.000000,20230524-164334,4852,ccw,cruise,phi,6.945647,1854.481109,872.083925,1,80423.6124,3.9552
xy_60-20230524-164258,0.000000,0.000000,20230524-164348,4852,ccw,cruise,phi,-2.128408,1854.179393,906.829526,1,79905.3045,3.8344
xy_60-20230524-164258,0.000000,0.000000,20230524-164402,4852,cw,cruise,phi,5.937449,1858.063636,943.939095,1,79740.6504,3.7602
xy_60-20230524-164258,0.000000,0.000000,20230524-164415,4852,cw,cruise,phi,18.729233,1858.056708,978.253130,1,79255.7067,3.7322
xy_60-20230524-164258,0.000000,0.000000,20230524-164428,4852,cw,cruise,phi,-1.811951,1889.896441,770.679591,1,79161.4622,3.6919
xy_60-20230524-164258,0.000000,0.000000,20230524-164442,4852,ccw,cruise,phi,27.783331,1889.919962,803.232275,1,79663.6028,3.7517
xy_60-20230524-164258,0.000000,0.000000,20230524-164456,4852,ccw,cruise,phi,16.758437,1889.123376,837.793706,1,79825.7591,3.7571
xy_60-20230524-164258,0.000000,0.000000,20230524-164510,4852,ccw,cruise,phi,8.215131,1888.893966,872.695817,1,80222.6984,3.8823
xy_60-20230524-164258,0.000000,0.000000,20230524-164524,4852,ccw,cruise,phi,-2.177068,1888.818797,907.895055,1,79997.3418,3.7607
xy_60-20230524-164258,0.000000,0.000000,20230524-164536,4852,cw,cruise,phi,6.675515,1892.978615,942.917693,1,79870.2359,3.7077
xy_60-20230524-164258,0.000000,0.000000,20230524-164549,4852,cw,cruise,phi,17.118964,1892.505160,976.783579,1,79397.9800,3.7482
xy_60-20230524-164258,0.000000,0.000000,20230524-164602,4852,cw,cruise,phi,28.857630,1891.927337,1011.831725,1,79456.0209,3.6870
xy_60-20230524-164258,0.000000,0.000000,20230524-164616,4852,ccw,cruise,phi,16.760085,1925.848946,766.294566,1,79255.8054,3.5907
xy_60-20230524-164258,0.000000,0.000000,20230524-164630,4852,ccw,cruise,phi,28.040352,1924.652313,802.142959,1,79528.6115,3.7479
xy_60-20230524-164258,0.000000,0.000000,20230524-164643,4852,ccw,cruise,phi,19.705611,1923.523374,837.754142,1,80134.1968,3.7823
xy_60-20230524-164258,0.000000,0.000000,20230524-164656,4852,ccw,cruise,phi,11.572658,1923.305660,873.728309,1,80273.8512,3.7715
xy_60-20230524-164258,0.000000,0.000000,20230524-164709,4852,ccw,cruise,phi,-2.241804,1923.838173,908.885014,1,79545.1103,3.6998
xy_60-20230524-164258,0.000000,0.000000,20230524-164722,4852,cw,cruise,phi,10.177054,1926.871171,941.402378,1,79239.0808,3.6668
xy_60-20230524-164258,0.000000,0.000000,20230524-164735,4852,cw,cruise,phi,19.443578,1926.038302,975.448905,1,78550.4841,3.6648
xy_60-20230524-164258,0.000000,0.000000,20230524-164748,4852,cw,cruise,phi,27.324105,1925.867396,1011.019302,1,79633.2317,3.6408
xy_60-20230524-164258,0.000000,0.000000,20230524-164800,4852,ccw,cruise,phi,5.581868,1962.155737,766.071982,1,79361.5738,3.6094
xy_60-20230524-164258,0.000000,0.000000,20230524-164813,4852,ccw,cruise,phi,28.637381,1959.788194,801.743671,1,78804.1376,3.5945
xy_60-20230524-164258,0.000000,0.000000,20230524-164826,4852,ccw,cruise,phi,23.078394,1958.325466,836.818283,1,79772.2406,3.7743
xy_60-20230524-164258,0.000000,0.000000,20230524-164839,4852,ccw,cruise,phi,19.164430,1956.875239,874.212847,1,80045.4815,3.8542
xy_60-20230524-164258,0.000000,0.000000,20230524-164853,4852,ccw,cruise,phi,-2.241283,1960.079834,910.430565,1,78907.4265,3.6167
xy_60-20230524-164258,0.000000,0.000000,20230524-164906,4852,cw,cruise,phi,17.887231,1955.719230,939.022241,1,79083.0652,3.6168
xy_60-20230524-164258,0.000000,0.000000,20230524-164920,4852,cw,cruise,phi,22.795522,1957.824568,975.054097,1,79261.5186,3.5856
xy_60-20230524-164258,0.000000,0.000000,20230524-164934,4852,cw,cruise,phi,27.878695,1959.873513,1010.863368,1,79355.5474,3.6131
xy_60-20230524-164258,0.000000,0.000000,20230524-164948,4852,cw,cruise,phi,-1.933632,1994.584763,769.775017,1,80182.4010,3.7369
xy_60-20230524-164258,0.000000,0.000000,20230524-165002,4852,ccw,cruise,phi,26.956290,1995.180862,801.980117,1,79451.8160,3.6486
xy_60-20230524-164258,0.000000,0.000000,20230524-165016,4852,ccw,cruise,phi,22.668694,1994.681532,835.678294,1,79221.8528,3.6660
xy_60-20230524-164258,0.000000,0.000000,20230524-165030,4852,ccw,cruise,phi,19.171135,1995.016600,869.022379,1,80401.3320,3.7321
xy_60-20230524-164258,0.000000,0.000000,20230524-165044,4852,ccw,cruise,phi,-1.870977,1997.950946,909.562916,1,78412.1528,3.5601
xy_60-20230524-164258,0.000000,0.000000,20230524-165058,4852,cw,cruise,phi,17.523344,1988.048744,942.621419,1,78631.7151,3.5642
xy_60-20230524-164258,0.000000,0.000000,20230524-165112,4852,cw,cruise,phi,23.138677,1991.579226,976.266084,1,78381.6492,3.6094
xy_60-20230524-164258,0.000000,0.000000,20230524-165126,4852,cw,cruise,phi,28.022468,1993.504554,1011.282947,1,78254.9398,3.6259
xy_60-20230524-164258,0.000000,0.000000,20230524-165140,4852,cw,cruise,phi,7.809156,2030.048154,769.530439,1,78637.0252,3.5803
xy_60-20230524-164258,0.000000,0.000000,20230524-165154,4852,ccw,cruise,phi,26.468469,2030.690313,802.237495,1,79138.5678,3.6046
xy_60-20230524-164258,0.000000,0.000000,20230524-165208,4852,ccw,cruise,phi,19.169384,2031.723263,836.190973,1,79343.6041,3.6170
xy_60-20230524-164258,0.000000,0.000000,20230524-165223,4852,ccw,cruise,phi,11.782843,2032.510495,871.577277,1,77579.3048,3.6180
xy_60-20230524-164258,0.000000,0.000000,20230524-165236,4852,ccw,cruise,phi,-2.156238,2032.467725,909.624472,1,77360.6037,3.6009
xy_60-20230524-164258,0.000000,0.000000,20230524-165250,4852,cw,cruise,phi,10.084195,2028.029331,942.624343,1,78625.6245,3.5620
xy_60-20230524-164258,0.000000,0.000000,20230524-165304,4852,cw,cruise,phi,19.593401,2030.941985,974.936844,1,79323.8945,3.5404
xy_60-20230524-164258,0.000000,0.000000,20230524-165319,4852,cw,cruise,phi,27.437060,2029.612088,1011.301783,1,77719.2156,3.6013
xy_60-20230524-164258,0.000000,0.000000,20230524-165332,4852,cw,cruise,phi,19.272101,2065.766782,769.663476,1,78246.2533,3.5105
xy_60-20230524-164258,0.000000,0.000000,20230524-165346,4852,ccw,cruise,phi,28.318482,2065.899278,802.878886,1,79029.7133,3.5092
xy_60-20230524-164258,0.000000,0.000000,20230524-165400,4852,ccw,cruise,phi,16.588047,2067.212221,837.730207,1,78740.7519,3.5526
xy_60-20230524-164258,0.000000,0.000000,20230524-165414,4852,ccw,cruise,phi,8.183780,2067.778507,873.244527,1,78815.1245,3.5446
xy_60-20230524-164258,0.000000,0.000000,20230524-165428,4852,ccw,cruise,phi,-2.063751,2067.184337,910.340801,1,78349.8306,3.5521
xy_60-20230524-164258,0.000000,0.000000,20230524-165442,4852,cw,cruise,phi,6.612220,2063.837088,942.091395,1,79040.6198,3.5043
xy_60-20230524-164258,0.000000,0.000000,20230524-165456,4852,cw,cruise,phi,17.188942,2063.832564,976.743148,1,78723.1382,3.5469
xy_60-20230524-164258,0.000000,0.000000,20230524-165510,4852,cw,cruise,phi,28.938614,2064.948596,1011.614920,1,78592.8769,3.5665
xy_60-20230524-164258,0.000000,0.000000,20230524-165524,4852,cw,cruise,phi,-1.887656,2098.541805,802.429491,1,76412.8517,3.5202
xy_60-20230524-164258,0.000000,0.000000,20230524-165538,4852,ccw,cruise,phi,18.250040,2101.370060,839.018334,1,78590.5691,3.4737
xy_60-20230524-164258,0.000000,0.000000,20230524-165552,4852,ccw,cruise,phi,6.753236,2102.235628,874.676216,1,78116.4460,3.5108
xy_60-20230524-164258,0.000000,0.000000,20230524-165606,4852,ccw,cruise,phi,-2.197805,2101.631752,910.770247,1,77934.9976,3.5386
xy_60-20230524-164258,0.000000,0.000000,20230524-165621,4852,cw,cruise,phi,5.978156,2099.306369,941.754929,1,78137.9650,3.5322
xy_60-20230524-164258,0.000000,0.000000,20230524-165634,4852,cw,cruise,phi,18.713419,2102.230366,972.856839,1,78749.1822,3.5162
xy_60_zig-20230525-123249,0.000000,0.000000,20230525-123257,4852,cw,cruise,phi,107.417065,1887.802076,770.957168,1,79140.4287,3.6409
xy_60_zig-20230525-123249,0.000000,0.000000,20230525-123310,4852,ccw,cruise,phi,-1.573169,1887.804721,770.949707,1,79251.1276,3.6392
xy_60_zig-20230525-123249,0.000000,0.000000,20230525-123324,4852,ccw,cruise,phi,17.613856,1853.372899,838.880218,1,79496.2826,3.8433
xy_60_zig-20230525-123249,0.000000,0.000000,20230525-123338,4852,ccw,cruise,phi,8.510892,1890.293749,801.712298,1,80121.9954,3.7222
xy_60_zig-20230525-123249,0.000000,0.000000,20230525-123352,4852,cw,cruise,phi,5.593241,1925.028165,770.808518,1,79226.6669,3.6170
xy_60_zig-20230525-123249,0.000000,0.000000,20230525-123406,4852,ccw,cruise,phi,6.281789,1855.301492,871.929534,1,80011.1258,3.9167
xy_60_zig-20230525-123249,0.000000,0.000000,20230525-123420,4852,ccw,cruise,phi,16.596807,1889.054798,837.356110,1,79399.2584,3.7614
xy_60_zig-20230525-123249,0.000000,0.000000,20230525-123434,4852,ccw,cruise,phi,-1.936945,1925.796589,801.031374,1,79332.7367,3.6596
xy_60_zig-20230525-123249,0.000000,0.000000,20230525-123448,4852,cw,cruise,phi,15.271063,1960.749207,770.552505,1,78096.1940,3.5958
xy_60_zig-20230525-123249,0.000000,0.000000,20230525-123503,4852,cw,cruise,phi,-2.538334,1858.176034,908.744831,1,79841.7942,3.8152
xy_60_zig-20230525-123249,0.000000,0.000000,20230525-123516,4852,ccw,cruise,phi,25.900977,1888.846743,874.252530,1,79882.6026,3.8252
xy_60_zig-20230525-123249,0.000000,0.000000,20230525-123530,4852,ccw,cruise,phi,9.096710,1923.543387,836.920064,1,79583.6656,3.7866
xy_60_zig-20230525-123249,0.000000,0.000000,20230525-123544,4852,cw,cruise,phi,7.140232,1960.559523,805.937261,1,79402.6513,3.7653
xy_60_zig-20230525-123249,0.000000,0.000000,20230525-123558,4852,cw,cruise,phi,27.439279,1996.702175,771.319565,1,78773.9571,3.5720
xy_60_zig-20230525-123249,0.000000,0.000000,20230525-123612,4852,cw,cruise,phi,7.781545,1858.243110,942.327520,1,79691.6792,3.8012
xy_60_zig-20230525-123249,0.000000,0.000000,20230525-123626,4852,ccw,cruise,phi,35.056371,1889.387154,910.386845,1,79999.5445,3.7653
xy_60_zig-20230525-123249,0.000000,0.000000,20230525-123640,4852,ccw,cruise,phi,22.812617,1922.345660,874.514657,1,80290.4392,3.7552
xy_60_zig-20230525-123249,0.000000,0.000000,20230525-123654,4852,ccw,cruise,phi,-1.748343,1959.879061,835.611564,1,79276.4182,3.7253
xy_60_zig-20230525-123249,0.000000,0.000000,20230525-123708,4852,cw,cruise,phi,20.778358,1997.613283,806.439905,1,77313.5869,3.5995
xy_60_zig-20230525-123249,0.000000,0.000000,20230525-123722,4852,cw,cruise,phi,37.267601,2031.914437,771.646660,1,79520.9908,3.6992
xy_60_zig-20230525-123249,0.000000,0.000000,20230525-123736,4852,cw,cruise,phi,19.037756,1856.906277,976.345857,1,79199.3214,3.7594
xy_60_zig-20230525-123249,0.000000,0.000000,20230525-123750,4852,ccw,cruise,phi,45.816231,1890.404620,945.478379,1,80002.1580,3.7641
xy_60_zig-20230525-123249,0.000000,0.000000,20230525-123804,4852,ccw,cruise,phi,32.993091,1923.844430,911.624783,1,79119.5969,3.6943
xy_60_zig-20230525-123249,0.000000,0.000000,20230525-123818,4852,ccw,cruise,phi,19.389009,1955.685997,873.880558,1,79837.2526,3.8218
xy_60_zig-20230525-123249,0.000000,0.000000,20230525-123832,4852,cw,cruise,phi,16.623207,1998.762603,842.730411,1,78809.6966,3.5947
xy_60_zig-20230525-123249,0.000000,0.000000,20230525-123846,4852,cw,cruise,phi,33.472257,2033.737722,808.873506,1,79498.2169,3.6984
xy_60_zig-20230525-123249,0.000000,0.000000,20230525-123900,4852,cw,cruise,phi,48.383290,2067.161922,771.891431,1,79106.5333,3.5128
xy_60_zig-20230525-123249,0.000000,0.000000,20230525-123914,4852,ccw,cruise,phi,26.955103,1889.367264,977.850501,1,79357.0973,3.7667
xy_60_zig-20230525-123249,0.000000,0.000000,20230525-123928,4852,ccw,cruise,phi,38.256588,1925.180912,946.415807,1,79100.2463,3.6652
xy_60_zig-20230525-123249,0.000000,0.000000,20230525-123942,4852,ccw,cruise,phi,33.008345,1961.686881,913.125245,1,79178.2615,3.6246
xy_60_zig-20230525-123249,0.000000,0.000000,20230525-123956,4852,ccw,cruise,phi,-2.008485,1996.817172,870.157114,1,79845.7507,3.6483
xy_60_zig-20230525-123249,0.000000,0.000000,20230525-124010,4852,cw,cruise,phi,30.603180,2036.266843,848.888492,1,79545.0659,3.6592
xy_60_zig-20230525-123249,0.000000,0.000000,20230525-124024,4852,cw,cruise,phi,39.026823,2066.981904,808.384374,1,79265.2909,3.5875
xy_60_zig-20230525-123249,0.000000,0.000000,20230525-124038,4852,cw,cruise,phi,28.727755,1889.781524,1010.173585,1,79486.0692,3.7041
xy_60_zig-20230525-123249,0.000000,0.000000,20230525-124052,4852,ccw,cruise,phi,45.896984,1926.735446,980.646540,1,79199.5686,3.6748
xy_60_zig-20230525-123249,0.000000,0.000000,20230525-124106,4852,ccw,cruise,phi,33.002136,1961.969308,946.617517,1,78499.0915,3.6090
xy_60_zig-20230525-123249,0.000000,0.000000,20230525-124120,4852,ccw,cruise,phi,19.202423,2000.165586,907.341291,1,79048.3378,3.5575
xy_60_zig-20230525-123249,0.000000,0.000000,20230525-124134,4852,cw,cruise,phi,17.330829,2030.317687,879.398069,1,78119.2678,3.6032
xy_60_zig-20230525-123249,0.000000,0.000000,20230525-124148,4852,cw,cruise,phi,32.862653,2066.080914,844.506819,1,78426.5760,3.5633
xy_60_zig-20230525-123249,0.000000,0.000000,20230525-124202,4852,cw,cruise,phi,48.180676,2100.946926,807.052454,1,78901.1829,3.4664
xy_60_zig-20230525-123249,0.000000,0.000000,20230525-124216,4852,ccw,cruise,phi,17.246240,1923.258109,1012.917676,1,79269.5537,3.6620
xy_60_zig-20230525-123249,0.000000,0.000000,20230525-124230,4852,ccw,cruise,phi,36.575574,1961.482289,980.946981,1,78588.6553,3.6248
xy_60_zig-20230525-123249,0.000000,0.000000,20230525-124244,4852,ccw,cruise,phi,23.217267,1998.610258,945.096615,1,78493.4152,3.5610
xy_60_zig-20230525-123249,0.000000,0.000000,20230525-124258,4852,ccw,cruise,phi,-2.135201,2033.037351,909.478661,1,78712.7444,3.5807
xy_60_zig-20230525-123249,0.000000,0.000000,20230525-124310,4852,cw,cruise,phi,21.207905,2064.277296,876.665066,1,77831.0986,3.5497
xy_60_zig-20230525-123249,0.000000,0.000000,20230525-124322,4852,cw,cruise,phi,36.935553,2099.530600,841.508994,1,76467.0550,3.5567
xy_60_zig-20230525-123249,0.000000,0.000000,20230525-124336,4852,ccw,cruise,phi,5.803575,1957.715715,1013.781339,1,78912.8006,3.6219
xy_60_zig-20230525-123249,0.000000,0.000000,20230525-124349,4852,ccw,cruise,phi,26.989694,1997.216802,980.447054,1,78516.2888,3.5819
xy_60_zig-20230525-123249,0.000000,0.000000,20230525-124401,4852,ccw,cruise,phi,9.433475,2032.864559,944.742075,1,78841.6154,3.5482
xy_60_zig-20230525-123249,0.000000,0.000000,20230525-124414,4852,cw,cruise,phi,7.420365,2063.775628,908.103703,1,78889.5810,3.5118
xy_60_zig-20230525-123249,0.000000,0.000000,20230525-124427,4852,cw,cruise,phi,27.220134,2098.490874,875.154926,1,78219.2881,3.5089
xy_60_zig-20230525-123249,0.000000,0.000000,20230525-124439,4852,cw,cruise,phi,-2.092838,1995.574923,1010.897426,1,78522.6819,3.5766
xy_60_zig-20230525-123249,0.000000,0.000000,20230525-124453,4852,ccw,cruise,phi,15.252811,2032.082272,979.264887,1,79095.4095,3.5425
xy_60_zig-20230525-123249,0.000000,0.000000,20230525-124506,4852,ccw,cruise,phi,-2.587345,2066.409310,945.008068,1,78396.0348,3.5114
xy_60_zig-20230525-123249,0.000000,0.000000,20230525-124520,4852,cw,cruise,phi,15.972535,2098.889996,908.229606,1,78783.5440,3.5118
xy_60_zig-20230525-123249,0.000000,0.000000,20230525-124532,4852,cw,cruise,phi,7.105128,2029.580769,1011.182244,1,78320.7408,3.5853
xy_60_zig-20230525-123249,0.000000,0.000000,20230525-124545,4852,ccw,cruise,phi,5.334795,2066.398757,979.382655,1,76985.4575,3.5836
xy_60_zig-20230525-123249,0.000000,0.000000,20230525-124559,4852,cw,cruise,phi,6.167323,2099.545934,941.824478,1,77913.3073,3.5362
xy_60_zig-20230525-123249,0.000000,0.000000,20230525-124612,4852,cw,cruise,phi,18.450417,2064.068406,1012.081064,1,79213.2363,3.5342
xy_60_zig-20230525-123249,0.000000,0.000000,20230525-124625,4852,cw,cruise,phi,-1.704831,2101.317925,973.919704,1,78673.6567,3.5071
xy_60_flipxy-20230525-125146,0.000000,0.000000,20230525-125153,4852,cw,cruise,phi,0.205040,2100.908842,977.207491,1,78985.3743,3.5181
xy_60_flipxy-20230525-125146,0.000000,0.000000,20230525-125206,4852,cw,cruise,phi,-3.870128,2068.417070,1010.828272,1,78475.2014,3.5636
xy_60_flipxy-20230525-125146,0.000000,0.000000,20230525-125219,4852,ccw,cruise,phi,18.884023,2102.089173,943.050951,1,79282.4359,3.5060
xy_60_flipxy-20230525-125146,0.000000,0.000000,20230525-125233,4852,ccw,cruise,phi,7.430988,2065.053040,981.374729,1,78544.8135,3.5394
xy_60_flipxy-20230525-125146,0.000000,0.000000,20230525-125245,4852,cw,cruise,phi,5.689582,2030.934251,1011.488240,1,78369.7483,3.5864
xy_60_flipxy-20230525-125146,0.000000,0.000000,20230525-125259,4852,ccw,cruise,phi,6.199770,2102.028339,908.278809,1,79145.7162,3.5049
xy_60_flipxy-20230525-125146,0.000000,0.000000,20230525-125313,4852,ccw,cruise,phi,17.207120,2066.762717,945.577983,1,77929.0350,3.5469
xy_60_flipxy-20230525-125146,0.000000,0.000000,20230525-125326,4852,ccw,cruise,phi,-2.039260,2030.016994,981.178401,1,79449.1241,3.5382
xy_60_flipxy-20230525-125146,0.000000,0.000000,20230525-125340,4852,cw,cruise,phi,15.507346,1995.395531,1011.670205,1,77544.0029,3.6287
xy_60_flipxy-20230525-125146,0.000000,0.000000,20230525-125354,4852,cw,cruise,phi,-2.540597,2098.648369,870.816315,1,77898.5767,3.5230
xy_60_flipxy-20230525-125146,0.000000,0.000000,20230525-125408,4852,ccw,cruise,phi,26.683516,2067.165568,908.083540,1,78837.6896,3.5142
xy_60_flipxy-20230525-125146,0.000000,0.000000,20230525-125422,4852,ccw,cruise,phi,8.803124,2031.941907,945.482318,1,78355.0089,3.5643
xy_60_flipxy-20230525-125146,0.000000,0.000000,20230525-125436,4852,cw,cruise,phi,7.519177,1995.072980,976.565824,1,78632.7217,3.5892
xy_60_flipxy-20230525-125146,0.000000,0.000000,20230525-125450,4852,cw,cruise,phi,27.313749,1959.393234,1010.930267,1,78731.7061,3.6218
xy_60_flipxy-20230525-125146,0.000000,0.000000,20230525-125504,4852,cw,cruise,phi,7.668976,2097.373763,835.998117,1,78493.4994,3.4811
xy_60_flipxy-20230525-125146,0.000000,0.000000,20230525-125518,4852,ccw,cruise,phi,35.937995,2066.720808,871.829687,1,78538.8219,3.5292
xy_60_flipxy-20230525-125146,0.000000,0.000000,20230525-125532,4852,ccw,cruise,phi,22.566286,2033.369541,907.800318,1,78405.2853,3.5722
xy_60_flipxy-20230525-125146,0.000000,0.000000,20230525-125546,4852,ccw,cruise,phi,-2.203034,1995.156539,946.061973,1,79023.3326,3.5258
xy_60_flipxy-20230525-125146,0.000000,0.000000,20230525-125600,4852,cw,cruise,phi,21.427151,1958.168346,976.007400,1,79326.4267,3.5860
xy_60_flipxy-20230525-125146,0.000000,0.000000,20230525-125614,4852,cw,cruise,phi,36.951375,1925.113142,1010.781262,1,79270.9757,3.6376
xy_60_flipxy-20230525-125146,0.000000,0.000000,20230525-125628,4852,cw,cruise,phi,19.063056,2097.674077,802.097181,1,78696.2489,3.4670
xy_60_flipxy-20230525-125146,0.000000,0.000000,20230525-125642,4852,ccw,cruise,phi,46.791604,2065.764647,836.569481,1,77753.0302,3.5390
xy_60_flipxy-20230525-125146,0.000000,0.000000,20230525-125656,4852,ccw,cruise,phi,32.874626,2032.059088,870.129906,1,79193.4527,3.5498
xy_60_flipxy-20230525-125146,0.000000,0.000000,20230525-125710,4852,ccw,cruise,phi,19.154779,1999.549480,907.803205,1,78163.7282,3.5915
xy_60_flipxy-20230525-125146,0.000000,0.000000,20230525-125724,4852,cw,cruise,phi,17.475584,1954.844989,939.035123,1,79446.6967,3.5949
xy_60_flipxy-20230525-125146,0.000000,0.000000,20230525-125738,4852,cw,cruise,phi,32.913199,1923.514075,973.996581,1,78743.1490,3.6798
xy_60_flipxy-20230525-125146,0.000000,0.000000,20230525-125752,4852,cw,cruise,phi,48.292657,1889.875472,1010.596013,1,79242.0379,3.7015
xy_60_flipxy-20230525-125146,0.000000,0.000000,20230525-125806,4852,ccw,cruise,phi,26.782624,2064.989246,800.852967,1,79418.6625,3.4885
xy_60_flipxy-20230525-125146,0.000000,0.000000,20230525-125820,4852,ccw,cruise,phi,39.264851,2030.818490,835.398051,1,78749.7769,3.6040
xy_60_flipxy-20230525-125146,0.000000,0.000000,20230525-125834,4852,ccw,cruise,phi,32.992184,1993.938560,868.246539,1,79674.1006,3.7718
xy_60_flipxy-20230525-125146,0.000000,0.000000,20230525-125849,4852,ccw,cruise,phi,-1.873869,1957.645910,909.131802,1,79267.5921,3.6491
xy_60_flipxy-20230525-125146,0.000000,0.000000,20230525-125903,4852,cw,cruise,phi,31.053225,1921.108027,935.013639,1,79573.2959,3.6590
xy_60_flipxy-20230525-125146,0.000000,0.000000,20230525-125916,4852,cw,cruise,phi,38.830943,1890.642432,974.691664,1,79342.5649,3.7224
xy_60_flipxy-20230525-125146,0.000000,0.000000,20230525-125930,4852,cw,cruise,phi,28.982035,2063.546155,768.896351,1,78291.3446,3.5201
xy_60_flipxy-20230525-125146,0.000000,0.000000,20230525-125945,4852,ccw,cruise,phi,46.895143,2029.370906,801.500162,1,78230.0390,3.6303
xy_60_flipxy-20230525-125146,0.000000,0.000000,20230525-125959,4852,ccw,cruise,phi,32.896793,1993.872548,835.158114,1,79878.2072,3.6772
xy_60_flipxy-20230525-125146,0.000000,0.000000,20230525-130013,4852,ccw,cruise,phi,19.368842,1956.344268,873.639826,1,80999.8392,3.8360
xy_60_flipxy-20230525-125146,0.000000,0.000000,20230525-130026,4852,cw,cruise,phi,16.878311,1926.942237,901.875337,1,79380.0161,3.6805
xy_60_flipxy-20230525-125146,0.000000,0.000000,20230525-130040,4852,cw,cruise,phi,33.585033,1890.943229,937.945956,1,80232.9353,3.6942
xy_60_flipxy-20230525-125146,0.000000,0.000000,20230525-130054,4852,cw,cruise,phi,48.519535,1856.051394,975.782901,1,79340.0368,3.7306
xy_60_flipxy-20230525-125146,0.000000,0.000000,20230525-130110,4852,ccw,cruise,phi,17.096440,2030.127955,767.042569,1,79801.2321,3.5534
xy_60_flipxy-20230525-125146,0.000000,0.000000,20230525-130123,4852,ccw,cruise,phi,37.483042,1994.670382,801.148709,1,79192.3251,3.6804
xy_60_flipxy-20230525-125146,0.000000,0.000000,20230525-130136,4852,ccw,cruise,phi,23.246258,2738.291486,1473.476432,1,5664.2682,27.4481
getpic-20230525-131505,0.000000,0.000000,20230525-131507,4852,cw,cruise,theta,0.000000,1977.595620,882.819110,0,78162.7488,3.5789
getpic-20230525-131719,0.000000,0.000000,20230525-131722,4852,cw,cruise,theta,0.000000,1977.298237,882.769845,0,78783.2401,3.5685
getpic-20230525-131810,0.000000,0.000000,20230525-131813,4852,cw,cruise,theta,0.000000,1977.442047,882.728332,0,77642.6292,3.5937
arcphi15-20230525-131951,0.000000,0.000000,20230525-131954,4852,cw,cruise,phi,0.000000,1977.419509,882.723544,0,77573.3622,3.5903
arcphi15-20230525-131951,0.000000,0.000000,20230525-132006,4852,cw,cruise,phi,15.000000,1983.166907,905.501624,0,78297.9677,3.5709
arcphi15-20230525-131951,0.000000,0.000000,20230525-132015,4852,cw,cruise,phi,15.000000,1982.209533,931.059382,0,79255.4736,3.5543
arcphi15-20230525-131951,0.000000,0.000000,20230525-132025,4852,cw,cruise,phi,15.000000,1973.736989,955.310987,0,78829.6755,3.6027
arcphi15-20230525-131951,0.000000,0.000000,20230525-132034,4852,cw,cruise,phi,15.000000,1958.592049,975.885363,0,78643.3846,3.6035
arcphi15-20230525-131951,0.000000,0.000000,20230525-132044,4852,cw,cruise,phi,15.000000,1938.018712,991.169989,0,79282.3533,3.6180
arcphi15-20230525-131951,0.000000,0.000000,20230525-132054,4852,cw,cruise,phi,15.000000,1913.830053,999.840310,0,79300.2304,3.6478
arcphi15-20230525-131951,0.000000,0.000000,20230525-132104,4852,cw,cruise,phi,15.000000,1888.253229,1001.040043,0,79080.2855,3.6972
arcphi15-20230525-131951,0.000000,0.000000,20230525-132114,4852,cw,cruise,phi,15.000000,1863.334434,994.784941,0,79645.2270,3.7346
arcphi15-20230525-131951,0.000000,0.000000,20230525-132123,4852,cw,cruise,phi,15.000000,1841.332457,981.472880,0,80120.1559,3.7798
arcphi15-20230525-131951,0.000000,0.000000,20230525-132132,4852,cw,cruise,phi,15.000000,1824.194646,962.336197,0,79978.1463,3.8220
arcphi15-20230525-131951,0.000000,0.000000,20230525-132142,4852,ccw,cruise,phi,15.000000,1839.794220,980.095045,0,79959.9057,3.8247
arcphi15-20230525-131951,0.000000,0.000000,20230525-132152,4852,ccw,cruise,phi,15.000000,1861.397274,993.906358,0,79607.8319,3.7936
arcphi15-20230525-131951,0.000000,0.000000,20230525-132201,4852,ccw,cruise,phi,15.000000,1886.136345,1000.792724,0,79494.3903,3.7292
arcphi15-20230525-131951,0.000000,0.000000,20230525-132209,4852,ccw,cruise,phi,15.000000,1911.827736,1000.183001,0,79809.4584,3.6812
arcphi15-20230525-131951,0.000000,0.000000,20230525-132218,4852,ccw,cruise,phi,15.000000,1936.218653,992.107868,0,79127.8429,3.6471
arcphi15-20230525-131951,0.000000,0.000000,20230525-132227,4852,ccw,cruise,phi,15.000000,1957.112820,977.320338,0,79168.8981,3.6200
arcphi15-20230525-131951,0.000000,0.000000,20230525-132236,4852,ccw,cruise,phi,15.000000,1972.758807,957.092932,0,78956.0006,3.5821
arcphi15-20230525-131951,0.000000,0.000000,20230525-132246,4852,ccw,cruise,phi,15.000000,1981.799708,933.112580,0,79170.7082,3.5661
arcphi15-20230525-131951,0.000000,0.000000,20230525-132256,4852,ccw,cruise,phi,15.000000,1983.385838,907.621598,0,77322.0450,3.5976
arcphi15-20230525-131951,0.000000,0.000000,20230525-132306,4852,ccw,cruise,phi,15.000000,1977.526231,882.900300,0,78346.1356,3.5818
arcth30-20230525-132358,0.000000,0.000000,20230525-132400,4852,cw,cruise,phi,180.000000,1815.824208,946.142676,0,80161.0873,3.9634
arcth30-20230525-132358,0.000000,0.000000,20230525-132410,4852,cw,cruise,theta,30.000000,1810.327764,854.310778,0,80315.5333,3.8132
arcth30-20230525-132358,0.000000,0.000000,20230525-132419,4852,cw,cruise,theta,30.000000,1858.825859,767.611438,0,78699.7373,3.6193
arcth30-20230525-132358,0.000000,0.000000,20230525-132429,4852,cw,cruise,theta,30.000000,1947.355062,722.719251,0,80135.9992,3.6787
arcth30-20230525-132358,0.000000,0.000000,20230525-132439,4852,cw,cruise,theta,30.000000,2046.388717,735.053662,0,78676.6578,3.5057
arcth30-20230525-132358,0.000000,0.000000,20230525-132449,4852,cw,cruise,theta,30.000000,2121.244300,800.480477,0,77106.4923,3.4940
arcth30-20230525-132358,0.000000,0.000000,20230525-132459,4852,cw,cruise,theta,30.000000,2146.913575,896.787809,0,79124.8593,3.4762
arcth30-20230525-132358,0.000000,0.000000,20230525-132509,4852,cw,cruise,theta,30.000000,2114.288702,990.909350,0,79169.7797,3.4980
arcth30-20230525-132358,0.000000,0.000000,20230525-132518,4852,cw,cruise,theta,30.000000,2034.484171,1050.786890,0,78684.5367,3.6170
arcth30-20230525-132358,0.000000,0.000000,20230525-132526,4852,cw,cruise,theta,30.000000,1934.895177,1055.631928,0,79274.7656,3.6703
arcth30-20230525-132358,0.000000,0.000000,20230525-132534,4852,cw,cruise,theta,30.000000,1850.036648,1004.257661,0,79471.3731,3.7600
arcth30-20230525-132358,0.000000,0.000000,20230525-132544,4852,ccw,cruise,theta,30.000000,1930.575579,1054.437175,0,78960.9316,3.6988
arcth30-20230525-132358,0.000000,0.000000,20230525-132552,4852,ccw,cruise,theta,30.000000,2029.828454,1052.317695,0,79189.3047,3.6045
arcth30-20230525-132358,0.000000,0.000000,20230525-132602,4852,ccw,cruise,theta,30.000000,2111.221739,994.956067,0,79312.4754,3.4989
arcth30-20230525-132358,0.000000,0.000000,20230525-132612,4852,ccw,cruise,theta,30.000000,2146.652235,901.593128,0,76826.2373,3.5211
arcth30-20230525-132358,0.000000,0.000000,20230525-132622,4852,ccw,cruise,theta,30.000000,2123.985285,805.004271,0,78789.6841,3.4490
arcth30-20230525-132358,0.000000,0.000000,20230525-132632,4852,ccw,cruise,theta,30.000000,2051.040479,737.255164,0,79412.0728,3.4502
arcth30-20230525-132358,0.000000,0.000000,20230525-132641,4852,ccw,cruise,theta,30.000000,1952.458980,721.912666,0,78374.4137,3.5617
arcth30-20230525-132358,0.000000,0.000000,20230525-132651,4852,ccw,cruise,theta,30.000000,1862.481163,764.160420,0,80041.3130,3.8328
arcth30-20230525-132358,0.000000,0.000000,20230525-132700,4852,ccw,cruise,theta,30.000000,1811.533701,849.242728,0,80144.5420,3.8331
arcth30-20230525-132358,0.000000,0.000000,20230525-132710,4852,ccw,cruise,theta,30.000000,1815.724740,945.851167,0,80172.6439,3.8886
arcth30-20230525-132358,0.000000,0.000000,20230525-132719,4852,ccw,cruise,phi,180.000000,1977.563350,882.885227,0,78437.7671,3.5714
xy_60_zig-20230525-140816,0.000000,0.000000,20230525-140823,4852,cw,cruise,phi,116.816600,1888.549194,1000.959056,1,79009.7419,3.7363
xy_60_zig-20230525-140816,0.000000,0.000000,20230525-140835,4852,cw,cruise,phi,7.314640,1874.759936,998.667492,1,79647.0735,3.7165
xy_60_zig-20230525-140816,0.000000,0.000000,20230525-140848,4852,ccw,cruise,phi,17.077209,1901.460114,1001.421244,1,78961.7854,3.7248
xy_60_zig-20230525-140816,0.000000,0.000000,20230525-140901,4852,ccw,cruise,phi,7.101366,1914.956422,999.620108,1,79163.2809,3.6949
xy_60_zig-20230525-140816,0.000000,0.000000,20230525-140914,4852,cw,cruise,phi,5.560210,1905.615324,1000.996909,1,79295.0059,3.7042
xy_60_zig-20230525-140816,0.000000,0.000000,20230525-140927,4852,ccw,cruise,phi,6.154495,1915.847200,999.404693,1,79327.6719,3.6893
xy_12-20230525-142523,0.000000,0.000000,20230525-142530,4852,cw,cruise,phi,71.250769,1840.805063,980.914366,1,79657.5675,3.7775
xy_12-20230525-142523,0.000000,0.000000,20230525-142544,4852,cw,cruise,phi,-2.352069,1840.799482,980.925026,1,79697.9519,3.7836
xy_12-20230525-142523,0.000000,0.000000,20230525-142558,4852,cw,cruise,phi,-2.377215,1840.916896,981.110646,1,79814.3291,3.7586
getpic-20230525-143942,0.000000,0.000000,20230525-143944,4852,cw,cruise,theta,0.000000,1983.443179,917.578839,0,77161.7110,3.6129
arcphi15-20230525-144105,0.000000,0.000000,20230525-144107,4852,cw,cruise,phi,0.000000,1983.427572,917.572743,0,77143.4153,3.6097
arcphi15-20230525-144105,0.000000,0.000000,20230525-144115,4852,cw,cruise,phi,15.000000,1979.542654,940.656340,0,77217.5558,3.6047
arcphi15-20230525-144105,0.000000,0.000000,20230525-144124,4852,cw,cruise,phi,15.000000,1968.290733,963.752573,0,78844.2125,3.5936
arcphi15-20230525-144105,0.000000,0.000000,20230525-144133,4852,cw,cruise,phi,15.000000,1950.899667,982.421798,0,78683.3571,3.6424
arcphi15-20230525-144105,0.000000,0.000000,20230525-144142,4852,cw,cruise,phi,15.000000,1928.661829,995.249067,0,79372.1967,3.6527
arcphi15-20230525-144105,0.000000,0.000000,20230525-144151,4852,cw,cruise,phi,15.000000,1903.625745,1001.078622,0,79135.2398,3.6976
arcphi15-20230525-144105,0.000000,0.000000,20230525-144200,4852,cw,cruise,phi,15.000000,1877.999912,999.313276,0,79028.2364,3.7001
arcphi15-20230525-144105,0.000000,0.000000,20230525-144209,4852,cw,cruise,phi,15.000000,1853.956292,990.143188,0,79973.1956,3.7152
arcphi15-20230525-144105,0.000000,0.000000,20230525-144218,4852,cw,cruise,phi,15.000000,1833.753878,974.498454,0,79781.1173,3.7892
arcphi15-20230525-144105,0.000000,0.000000,20230525-144227,4852,cw,cruise,phi,15.000000,1818.839179,953.390125,0,80318.2387,3.8703
arcphi15-20230525-144105,0.000000,0.000000,20230525-144235,4852,cw,cruise,phi,15.000000,1810.801380,930.792320,0,80407.9942,3.9479
arcphi15-20230525-144105,0.000000,0.000000,20230525-144244,4852,ccw,cruise,phi,15.000000,1818.091683,951.821535,0,80537.8636,3.9445
arcphi15-20230525-144105,0.000000,0.000000,20230525-144253,4852,ccw,cruise,phi,15.000000,1832.411056,973.052872,0,80133.4491,3.9206
arcphi15-20230525-144105,0.000000,0.000000,20230525-144302,4852,ccw,cruise,phi,15.000000,1852.332190,989.203658,0,79987.7811,3.8094
arcphi15-20230525-144105,0.000000,0.000000,20230525-144311,4852,ccw,cruise,phi,15.000000,1876.145408,998.886346,0,79804.8710,3.7543
arcphi15-20230525-144105,0.000000,0.000000,20230525-144320,4852,ccw,cruise,phi,15.000000,1901.810449,1001.157358,0,79845.0480,3.7045
arcphi15-20230525-144105,0.000000,0.000000,20230525-144329,4852,ccw,cruise,phi,15.000000,1926.922477,995.944207,0,79831.9976,3.6424
arcphi15-20230525-144105,0.000000,0.000000,20230525-144338,4852,ccw,cruise,phi,15.000000,1949.367226,983.627071,0,78288.7800,3.6666
arcphi15-20230525-144105,0.000000,0.000000,20230525-144347,4852,ccw,cruise,phi,15.000000,1967.173598,965.290790,0,78849.2177,3.5944
arcphi15-20230525-144105,0.000000,0.000000,20230525-144355,4852,ccw,cruise,phi,15.000000,1978.932724,942.508744,0,78318.6364,3.5792
arcphi15-20230525-144105,0.000000,0.000000,20230525-144404,4852,ccw,cruise,phi,15.000000,1983.423845,917.351514,0,77626.6463,3.5995
arcphi15-20230525-144741,0.000000,0.000000,20230525-144744,4852,cw,cruise,phi,0.000000,1983.391501,917.340766,0,77726.9517,3.5943
arcphi15-20230525-144741,0.000000,0.000000,20230525-144753,4852,cw,cruise,phi,15.000000,1979.552244,940.436695,0,77115.1846,3.6049
arcphi15-20230525-144741,0.000000,0.000000,20230525-144802,4852,cw,cruise,phi,15.000000,1968.346706,963.541968,0,77757.9383,3.6280
arcphi15-20230525-144741,0.000000,0.000000,20230525-144811,4852,cw,cruise,phi,15.000000,1950.983452,982.274856,0,79026.0260,3.6224
arcphi15-20230525-144741,0.000000,0.000000,20230525-144820,4852,cw,cruise,phi,15.000000,1928.789022,995.167313,0,79382.4811,3.6384
arcphi15-20230525-144741,0.000000,0.000000,20230525-144829,4852,cw,cruise,phi,15.000000,1903.766950,1001.016077,0,79298.9318,3.6904
arcphi15-20230525-144741,0.000000,0.000000,20230525-144838,4852,cw,cruise,phi,15.000000,1878.126824,999.322985,0,79239.5270,3.7003
arcphi15-20230525-144741,0.000000,0.000000,20230525-144847,4852,cw,cruise,phi,15.000000,1854.092089,990.221119,0,79330.7905,3.7415
arcphi15-20230525-144741,0.000000,0.000000,20230525-144855,4852,cw,cruise,phi,15.000000,1833.847680,974.616040,0,79477.9145,3.7889
arcphi15-20230525-144741,0.000000,0.000000,20230525-144904,4852,cw,cruise,phi,15.000000,1818.900979,953.512207,0,80341.4427,3.8714
arcphi15-20230525-144741,0.000000,0.000000,20230525-144913,4852,cw,cruise,phi,15.000000,1810.789380,930.769338,0,80390.4546,3.9508
arcphi15-20230525-144741,0.000000,0.000000,20230525-144922,4852,ccw,cruise,phi,15.000000,1818.080866,951.833476,0,80432.9061,3.9503
arcphi15-20230525-144741,0.000000,0.000000,20230525-144931,4852,ccw,cruise,phi,15.000000,1832.397058,973.043411,0,79857.5389,3.9162
arcphi15-20230525-144741,0.000000,0.000000,20230525-144940,4852,ccw,cruise,phi,15.000000,1852.351280,989.206882,0,79932.5106,3.8133
arcphi15-20230525-144741,0.000000,0.000000,20230525-144949,4852,ccw,cruise,phi,15.000000,1876.174893,998.880118,0,79679.0740,3.7534
arcphi15-20230525-144741,0.000000,0.000000,20230525-144958,4852,ccw,cruise,phi,15.000000,1901.820461,1001.152346,0,79798.4712,3.6972
arcphi15-20230525-144741,0.000000,0.000000,20230525-145007,4852,ccw,cruise,phi,15.000000,1926.953957,995.917576,0,79809.7974,3.6445
arcphi15-20230525-144741,0.000000,0.000000,20230525-145015,4852,ccw,cruise,phi,15.000000,1949.363687,983.590238,0,78314.1210,3.6617
arcphi15-20230525-144741,0.000000,0.000000,20230525-145024,4852,ccw,cruise,phi,15.000000,1967.174387,965.239417,0,78903.6669,3.5922
arcphi15-20230525-144741,0.000000,0.000000,20230525-145033,4852,ccw,cruise,phi,15.000000,1978.933981,942.448073,0,78345.3301,3.5792
arcphi15-20230525-144741,0.000000,0.000000,20230525-145042,4852,ccw,cruise,phi,15.000000,1983.399716,917.315710,0,77902.6776,3.6016
getpic-20230525-145120,0.000000,0.000000,20230525-145123,4852,cw,cruise,theta,0.000000,1983.396922,917.311165,0,77845.9127,3.6031
getpic-20230525-145247,0.000000,0.000000,20230525-145250,4852,cw,cruise,theta,0.000000,1983.792798,917.375161,0,78411.2605,3.5823
getpic-20230525-145648,0.000000,0.000000,20230525-145651,4852,cw,cruise,theta,0.000000,1983.773646,917.359058,0,78489.6352,3.5854
getpic-20230525-150135,0.000000,0.000000,20230525-150137,4852,cw,cruise,theta,0.000000,1983.775218,917.355271,0,78617.8356,3.5873
arcphi15-20230525-150208,0.000000,0.000000,20230525-150210,4852,cw,cruise,phi,0.000000,1983.765868,917.352985,0,78486.6269,3.5761
arcphi15-20230525-150208,0.000000,0.000000,20230525-150219,4852,cw,cruise,phi,15.000000,1979.915672,940.441638,0,78405.2890,3.5870
arcphi15-20230525-150208,0.000000,0.000000,20230525-150228,4852,cw,cruise,phi,15.000000,1968.758546,963.561984,0,78431.7829,3.6048
arcphi15-20230525-150208,0.000000,0.000000,20230525-150237,4852,cw,cruise,phi,15.000000,1951.307999,982.287630,0,78769.7482,3.6239
arcphi15-20230525-150208,0.000000,0.000000,20230525-150246,4852,cw,cruise,phi,15.000000,1929.128656,995.209547,0,79343.6773,3.6352
arcphi15-20230525-150208,0.000000,0.000000,20230525-150254,4852,cw,cruise,phi,15.000000,1904.112069,1001.065853,0,79690.0152,3.6612
arcphi15-20230525-150208,0.000000,0.000000,20230525-150303,4852,cw,cruise,phi,15.000000,1878.514878,999.370668,0,79140.7671,3.7394
arcphi15-20230525-150208,0.000000,0.000000,20230525-150312,4852,cw,cruise,phi,15.000000,1854.428307,990.265522,0,79899.8414,3.7677
arcphi15-20230525-150208,0.000000,0.000000,20230525-150321,4852,cw,cruise,phi,15.000000,1834.166973,974.675325,0,79431.5969,3.7838
arcphi15-20230525-150208,0.000000,0.000000,20230525-150331,4852,cw,cruise,phi,15.000000,1819.242725,953.598735,0,80583.9677,3.8661
arcphi15-20230525-150208,0.000000,0.000000,20230525-150340,4852,cw,cruise,phi,15.000000,1811.140025,930.829755,0,80191.1167,3.9517
arcphi15-20230525-150208,0.000000,0.000000,20230525-150349,4852,ccw,cruise,phi,15.000000,1818.428658,951.912762,0,80706.7098,4.0054
arcphi15-20230525-150208,0.000000,0.000000,20230525-150359,4852,ccw,cruise,phi,15.000000,1832.757633,973.112337,0,79938.4427,3.8934
arcphi15-20230525-150208,0.000000,0.000000,20230525-150407,4852,ccw,cruise,phi,15.000000,1852.726766,989.268042,0,80009.7604,3.7939
arcphi15-20230525-150208,0.000000,0.000000,20230525-150416,4852,ccw,cruise,phi,15.000000,1876.540894,998.934325,0,79618.3670,3.8030
arcphi15-20230525-150208,0.000000,0.000000,20230525-150425,4852,ccw,cruise,phi,15.000000,1902.154669,1001.200426,0,79617.6474,3.6853
arcphi15-20230525-150208,0.000000,0.000000,20230525-150433,4852,ccw,cruise,phi,15.000000,1927.290406,995.946295,0,79049.1712,3.6762
arcphi15-20230525-150208,0.000000,0.000000,20230525-150442,4852,ccw,cruise,phi,15.000000,1949.776867,983.581037,0,78999.1732,3.6415
arcphi15-20230525-150208,0.000000,0.000000,20230525-150451,4852,ccw,cruise,phi,15.000000,1967.539645,965.234237,0,78801.5620,3.6114
arcphi15-20230525-150208,0.000000,0.000000,20230525-150501,4852,ccw,cruise,phi,15.000000,1979.220004,942.477886,0,78020.0241,3.5848
arcphi15-20230525-150208,0.000000,0.000000,20230525-150509,4852,ccw,cruise,phi,15.000000,1983.775831,917.330337,0,78541.1509,3.5802
arcth30-20230525-150535,0.000000,0.000000,20230525-150537,4852,cw,cruise,phi,180.000000,1810.932928,930.809974,0,80396.4800,3.9406
getpic-20230525-155737,0.000000,0.000000,20230525-155739,4852,cw,cruise,theta,0.000000,1977.627359,899.951555,0,78540.0782,3.5861
getpic-20230525-160015,0.000000,0.000000,20230525-160017,4852,cw,cruise,theta,0.000000,1977.643129,899.960565,0,78509.1222,3.5805
arcphi15-20230525-160041,0.000000,0.000000,20230525-160044,4852,cw,cruise,phi,0.000000,1977.639516,899.954473,0,78583.2818,3.5884
arcphi15-20230525-160041,0.000000,0.000000,20230525-160053,4852,cw,cruise,phi,15.000000,1968.046608,921.267531,0,78946.2030,3.5767
arcphi15-20230525-160041,0.000000,0.000000,20230525-160102,4852,cw,cruise,phi,15.000000,1951.487874,940.792983,0,78771.5533,3.6267
arcphi15-20230525-160041,0.000000,0.000000,20230525-160111,4852,cw,cruise,phi,15.000000,1929.856456,954.520999,0,78804.7772,3.6499
arcphi15-20230525-160041,0.000000,0.000000,20230525-160120,4852,cw,cruise,phi,15.000000,1905.141095,961.316896,0,79173.2326,3.6776
arcphi15-20230525-160041,0.000000,0.000000,20230525-160129,4852,cw,cruise,phi,15.000000,1879.511176,960.653913,0,79298.8273,3.7455
arcphi15-20230525-160041,0.000000,0.000000,20230525-160138,4852,cw,cruise,phi,15.000000,1855.100234,952.427793,0,79402.1925,3.7704
arcphi15-20230525-160041,0.000000,0.000000,20230525-160147,4852,cw,cruise,phi,15.000000,1834.162019,937.527256,0,80015.1100,3.7947
arcphi15-20230525-160041,0.000000,0.000000,20230525-160155,4852,cw,cruise,phi,15.000000,1818.549190,917.195636,0,80394.9863,3.9209
arcphi15-20230525-160041,0.000000,0.000000,20230525-160204,4852,cw,cruise,phi,15.000000,1809.511042,893.251180,0,81088.5562,3.9861
arcphi15-20230525-160041,0.000000,0.000000,20230525-160213,4852,cw,cruise,phi,15.000000,1807.843555,867.613258,0,80040.2237,3.8529
arcphi15-20230525-160041,0.000000,0.000000,20230525-160222,4852,ccw,cruise,phi,15.000000,1809.114932,891.195383,0,80002.7199,3.8530
arcphi15-20230525-160041,0.000000,0.000000,20230525-160231,4852,ccw,cruise,phi,15.000000,1817.579754,915.363522,0,81578.8895,3.9474
arcphi15-20230525-160041,0.000000,0.000000,20230525-160240,4852,ccw,cruise,phi,15.000000,1832.739931,936.049257,0,80406.2431,3.9481
arcphi15-20230525-160041,0.000000,0.000000,20230525-160249,4852,ccw,cruise,phi,15.000000,1853.267140,951.443584,0,80163.1282,3.7946
arcphi15-20230525-160041,0.000000,0.000000,20230525-160258,4852,ccw,cruise,phi,15.000000,1877.521562,960.215970,0,79647.6624,3.7934
arcphi15-20230525-160041,0.000000,0.000000,20230525-160307,4852,ccw,cruise,phi,15.000000,1903.136098,961.547664,0,79229.3368,3.7036
arcphi15-20230525-160041,0.000000,0.000000,20230525-160315,4852,ccw,cruise,phi,15.000000,1928.027137,955.297703,0,79117.9291,3.6544
arcphi15-20230525-160041,0.000000,0.000000,20230525-160324,4852,ccw,cruise,phi,15.000000,1949.917268,942.109612,0,79294.7658,3.6093
arcphi15-20230525-160041,0.000000,0.000000,20230525-160333,4852,ccw,cruise,phi,15.000000,1966.958422,923.032868,0,79716.6356,3.5730
arcphi15-20230525-160041,0.000000,0.000000,20230525-160342,4852,ccw,cruise,phi,15.000000,1977.675624,899.888624,0,79010.4254,3.5852
arcph15-20230525-161037,0.000000,0.000000,20230525-161040,4852,cw,cruise,phi,0.000000,1977.687367,899.884878,0,79008.3479,3.5828
arcph15-20230525-161037,0.000000,0.000000,20230525-161051,4852,cw,cruise,phi,15.000000,1968.095276,921.237845,0,79105.3066,3.5715
arcph15-20230525-161037,0.000000,0.000000,20230525-161101,4852,cw,cruise,phi,15.000000,1951.533593,940.737664,0,78530.4705,3.6315
arcph15-20230525-161037,0.000000,0.000000,20230525-161109,4852,cw,cruise,phi,15.000000,1929.948177,954.463304,0,78629.2951,3.6579
arcph15-20230525-161037,0.000000,0.000000,20230525-161118,4852,cw,cruise,phi,15.000000,1905.192723,961.283008,0,79359.8637,3.6837
arcph15-20230525-161037,0.000000,0.000000,20230525-161127,4852,cw,cruise,phi,15.000000,1879.570622,960.631257,0,79107.1914,3.7483
arcph15-20230525-161037,0.000000,0.000000,20230525-161135,4852,cw,cruise,phi,15.000000,1855.162082,952.431239,0,79512.3329,3.7584
arcph15-20230525-161037,0.000000,0.000000,20230525-161144,4852,cw,cruise,phi,15.000000,1834.202826,937.496281,0,79825.3473,3.7870
arcph15-20230525-161037,0.000000,0.000000,20230525-161153,4852,cw,cruise,phi,15.000000,1818.582716,917.203044,0,80544.7987,3.9141
arcph15-20230525-161037,0.000000,0.000000,20230525-161202,4852,cw,cruise,phi,15.000000,1809.537437,893.239605,0,81034.5124,3.9799
arcph15-20230525-161037,0.000000,0.000000,20230525-161211,4852,cw,cruise,phi,15.000000,1807.855166,867.659143,0,79843.6368,3.8482
arcph15-20230525-161037,0.000000,0.000000,20230525-161220,4852,ccw,cruise,phi,15.000000,1809.152721,891.212325,0,79979.3291,3.8613
arcph15-20230525-161037,0.000000,0.000000,20230525-161229,4852,ccw,cruise,phi,15.000000,1817.614633,915.368991,0,81391.9386,3.9532
arcph15-20230525-161037,0.000000,0.000000,20230525-161238,4852,ccw,cruise,phi,15.000000,1832.777823,936.034824,0,80325.5103,3.9294
arcph15-20230525-161037,0.000000,0.000000,20230525-161247,4852,ccw,cruise,phi,15.000000,1853.312429,951.455452,0,80481.3797,3.7903
arcph15-20230525-161037,0.000000,0.000000,20230525-161255,4852,ccw,cruise,phi,15.000000,1877.564866,960.213608,0,79757.7155,3.7924
arcph15-20230525-161037,0.000000,0.000000,20230525-161304,4852,ccw,cruise,phi,15.000000,1903.170203,961.566168,0,79287.8139,3.7038
arcph15-20230525-161037,0.000000,0.000000,20230525-161313,4852,ccw,cruise,phi,15.000000,1928.041697,955.287494,0,79065.4152,3.6550
arcph15-20230525-161037,0.000000,0.000000,20230525-161322,4852,ccw,cruise,phi,15.000000,1949.956716,942.100304,0,79682.2609,3.6133
arcph15-20230525-161037,0.000000,0.000000,20230525-161331,4852,ccw,cruise,phi,15.000000,1967.000294,922.985067,0,79386.3847,3.5733
arcph15-20230525-161037,0.000000,0.000000,20230525-161340,4852,ccw,cruise,phi,15.000000,1977.719069,899.876139,0,78706.7653,3.5830
arcph15-20230525-162838,0.000000,0.000000,20230525-162840,4852,cw,cruise,phi,0.000000,1977.602691,899.929302,0,78371.8148,3.5884
arcph15-20230525-162838,0.000000,0.000000,20230525-162849,4852,cw,cruise,phi,15.000000,1968.047112,921.239088,0,78954.1779,3.5832
arcph15-20230525-162838,0.000000,0.000000,20230525-162858,4852,cw,cruise,phi,15.000000,1951.471078,940.780749,0,78825.9715,3.6267
arcph15-20230525-162838,0.000000,0.000000,20230525-162907,4852,cw,cruise,phi,15.000000,1929.892423,954.507611,0,78661.4056,3.6483
arcph15-20230525-162838,0.000000,0.000000,20230525-162915,4852,cw,cruise,phi,15.000000,1905.141761,961.347822,0,79225.1648,3.6735
arcph15-20230525-162838,0.000000,0.000000,20230525-162924,4852,cw,cruise,phi,15.000000,1879.493689,960.680381,0,79441.2758,3.7419
arcph15-20230525-162838,0.000000,0.000000,20230525-162933,4852,cw,cruise,phi,15.000000,1855.086276,952.491261,0,79297.5107,3.7649
arcph15-20230525-162838,0.000000,0.000000,20230525-162942,4852,cw,cruise,phi,15.000000,1834.132207,937.547009,0,79684.0349,3.7952
arcph15-20230525-162838,0.000000,0.000000,20230525-162951,4852,cw,cruise,phi,15.000000,1818.529544,917.257551,0,80844.5547,3.9539
arcph15-20230525-162838,0.000000,0.000000,20230525-163000,4852,cw,cruise,phi,15.000000,1809.468064,893.293520,0,81407.4264,3.9601
arcph15-20230525-162838,0.000000,0.000000,20230525-163009,4852,cw,cruise,phi,15.000000,1807.789042,867.715923,0,80259.6656,3.8544
arcph15-20230525-162838,0.000000,0.000000,20230525-163018,4852,ccw,cruise,phi,15.000000,1809.075413,891.246814,0,79745.6353,3.8571
arcph15-20230525-162838,0.000000,0.000000,20230525-163027,4852,ccw,cruise,phi,15.000000,1817.548888,915.424644,0,82152.2125,3.9276
arcph15-20230525-162838,0.000000,0.000000,20230525-163035,4852,ccw,cruise,phi,15.000000,1832.722184,936.104980,0,80321.9899,3.9504
arcph15-20230525-162838,0.000000,0.000000,20230525-163044,4852,ccw,cruise,phi,15.000000,1853.254887,951.513656,0,80456.4850,3.8239
arcph15-20230525-162838,0.000000,0.000000,20230525-163053,4852,ccw,cruise,phi,15.000000,1877.506911,960.244790,0,79753.8062,3.7986
arcph15-20230525-162838,0.000000,0.000000,20230525-163102,4852,ccw,cruise,phi,15.000000,1903.107295,961.603333,0,79330.5927,3.7104
arcph15-20230525-162838,0.000000,0.000000,20230525-163111,4852,ccw,cruise,phi,15.000000,1927.994637,955.321561,0,78963.8522,3.6565
arcph15-20230525-162838,0.000000,0.000000,20230525-163120,4852,ccw,cruise,phi,15.000000,1949.889234,942.132676,0,79170.4633,3.6116
arcph15-20230525-162838,0.000000,0.000000,20230525-163129,4852,ccw,cruise,phi,15.000000,1966.923367,923.044302,0,79795.4144,3.5714
arcph15-20230525-162838,0.000000,0.000000,20230525-163138,4852,ccw,cruise,phi,15.000000,1977.639371,899.886727,0,78619.0503,3.5784
arcph15-20230525-172839,0.000000,0.000000,20230525-172841,4852,cw,cruise,phi,0.000000,1977.963974,899.898806,0,79159.2267,3.5473
arcph15-20230525-172839,0.000000,0.000000,20230525-172851,4852,cw,cruise,phi,15.000000,1968.361943,921.253733,0,78592.3670,3.5914
arcph15-20230525-172839,0.000000,0.000000,20230525-172859,4852,cw,cruise,phi,15.000000,1951.837252,940.807034,0,78939.4751,3.6128
arcph15-20230525-172839,0.000000,0.000000,20230525-172908,4852,cw,cruise,phi,15.000000,1930.199538,954.558058,0,78851.8022,3.6583
arcph15-20230525-172839,0.000000,0.000000,20230525-172917,4852,cw,cruise,phi,15.000000,1905.529358,961.378859,0,78983.1659,3.7096
arcph15-20230525-172839,0.000000,0.000000,20230525-172925,4852,cw,cruise,phi,15.000000,1879.873593,960.727649,0,79175.9381,3.7040
arcph15-20230525-172839,0.000000,0.000000,20230525-172934,4852,cw,cruise,phi,15.000000,1855.444270,952.546679,0,79782.7384,3.7834
arcph15-20230525-172839,0.000000,0.000000,20230525-172943,4852,cw,cruise,phi,15.000000,1834.501440,937.646366,0,80692.4042,3.8166
arcph15-20230525-172839,0.000000,0.000000,20230525-172952,4852,cw,cruise,phi,15.000000,1818.869926,917.314782,0,79899.7180,3.8550
arcph15-20230525-172839,0.000000,0.000000,20230525-173001,4852,cw,cruise,phi,15.000000,1809.815826,893.368720,0,80845.6078,3.9159
arcph15-20230525-172839,0.000000,0.000000,20230525-173010,4852,cw,cruise,phi,15.000000,1808.126506,867.784860,0,79914.3555,3.8513
arcph15-20230525-172839,0.000000,0.000000,20230525-173019,4852,ccw,cruise,phi,15.000000,1809.415173,891.335456,0,81187.9940,3.9014
arcph15-20230525-172839,0.000000,0.000000,20230525-173028,4852,ccw,cruise,phi,15.000000,1817.889933,915.486304,0,80500.4162,3.9276
arcph15-20230525-172839,0.000000,0.000000,20230525-173037,4852,ccw,cruise,phi,15.000000,1833.052285,936.142393,0,80265.4600,3.8877
arcph15-20230525-172839,0.000000,0.000000,20230525-173045,4852,ccw,cruise,phi,15.000000,1853.630555,951.581190,0,80830.6261,3.8110
arcph15-20230525-172839,0.000000,0.000000,20230525-173054,4852,ccw,cruise,phi,15.000000,1877.861704,960.321334,0,79309.8597,3.7551
arcph15-20230525-172839,0.000000,0.000000,20230525-173103,4852,ccw,cruise,phi,15.000000,1903.463013,961.675440,0,79517.8405,3.7309
arcph15-20230525-172839,0.000000,0.000000,20230525-173112,4852,ccw,cruise,phi,15.000000,1928.305976,955.353670,0,79283.5509,3.6818
arcph15-20230525-172839,0.000000,0.000000,20230525-173121,4852,ccw,cruise,phi,15.000000,1950.207797,942.169486,0,78904.0004,3.6184
arcph15-20230525-172839,0.000000,0.000000,20230525-173130,4852,ccw,cruise,phi,15.000000,1967.268782,923.068718,0,79055.3813,3.5915
arcph15-20230525-172839,0.000000,0.000000,20230525-173139,4852,ccw,cruise,phi,15.000000,1977.969557,899.923364,0,79160.7730,3.5532
